This is XeTeX, Version 3.141592653-2.6-0.999994 (MiKTeX 22.7) (preloaded format=xelatex 2024.10.8)  9 OCT 2025 11:11
entering extended mode
 restricted \write18 enabled.
 %&-line parsing enabled.
**./index.tex
(index.tex
LaTeX2e <2022-06-01> patch level 5
L3 programming layer <2022-07-04>
(C:\Users\lsi8012\AppData\Local\Programs\MiKTeX\tex/latex/koma-script\scrreprt.
cls
Document Class: scrreprt 2023/07/07 v3.41 KOMA-Script document class (report)

(C:\Users\lsi8012\AppData\Local\Programs\MiKTeX\tex/latex/koma-script\scrkbase.
sty
Package: scrkbase 2023/07/07 v3.41 KOMA-Script package (KOMA-Script-dependent b
asics and keyval usage)

(C:\Users\lsi8012\AppData\Local\Programs\MiKTeX\tex/latex/koma-script\scrbase.s
ty
Package: scrbase 2023/07/07 v3.41 KOMA-Script package (KOMA-Script-independent 
basics and keyval usage)

(C:\Users\lsi8012\AppData\Local\Programs\MiKTeX\tex/latex/koma-script\scrlfile.
sty
Package: scrlfile 2023/07/07 v3.41 KOMA-Script package (file load hooks)

(C:\Users\lsi8012\AppData\Local\Programs\MiKTeX\tex/latex/koma-script\scrlfile-
hook.sty
Package: scrlfile-hook 2023/07/07 v3.41 KOMA-Script package (using LaTeX hooks)


(C:\Users\lsi8012\AppData\Local\Programs\MiKTeX\tex/latex/koma-script\scrlogo.s
ty
Package: scrlogo 2023/07/07 v3.41 KOMA-Script package (logo)
))) (C:\Users\lsi8012\AppData\Local\Programs\MiKTeX\tex/latex/graphics\keyval.s
ty
Package: keyval 2022/05/29 v1.15 key=value parser (DPC)
\KV@toks@=\toks16
)
Applying: [2021/05/01] Usage of raw or classic option list on input line 252.
Already applied: [0000/00/00] Usage of raw or classic option list on input line
 368.
))
(C:\Users\lsi8012\AppData\Local\Programs\MiKTeX\tex/latex/koma-script\tocbasic.
sty
Package: tocbasic 2023/07/07 v3.41 KOMA-Script package (handling toc-files)
\scr@dte@tocline@numberwidth=\skip47
\scr@dte@tocline@numbox=\box51
)
Package tocbasic Info: omitting babel extension for `toc'
(tocbasic)             because of feature `nobabel' available
(tocbasic)             for `toc' on input line 135.
Class scrreprt Info: File `scrsize11pt.clo' used instead of
(scrreprt)           file `scrsize11.clo' to setup font sizes on input line 268
8.

(C:\Users\lsi8012\AppData\Local\Programs\MiKTeX\tex/latex/koma-script\scrsize11
pt.clo
File: scrsize11pt.clo 2023/07/07 v3.41 KOMA-Script font size class option (11pt
)
)
(C:\Users\lsi8012\AppData\Local\Programs\MiKTeX\tex/latex/koma-script\typearea.
sty
Package: typearea 2023/07/07 v3.41 KOMA-Script package (type area)
\ta@bcor=\skip48
\ta@div=\count181
Package typearea Info: You've used standard option `letterpaper'.
(typearea)             This is correct!
(typearea)             Internally I'm using `paper=letter'.
(typearea)             If you'd like to set the option with \KOMAoptions,
(typearea)             you'd have to use `paper=letter' there
(typearea)             instead of `letterpaper', too.
\ta@hblk=\skip49
\ta@vblk=\skip50
\ta@temp=\skip51
\footheight=\skip52
Package typearea Info: These are the values describing the layout:
(typearea)             DIV  = 11
(typearea)             BCOR = 0.0pt
(typearea)             \paperwidth      = 614.295pt
(typearea)              \textwidth      = 446.76004pt
(typearea)              DIV departure   = -14%
(typearea)              \evensidemargin = 11.49748pt
(typearea)              \oddsidemargin  = 11.49748pt
(typearea)             \paperheight     = 794.96999pt
(typearea)              \textheight     = 582.20026pt
(typearea)              \topmargin      = -37.40001pt
(typearea)              \headheight     = 17.0pt
(typearea)              \headsep        = 20.40001pt
(typearea)              \topskip        = 11.0pt
(typearea)              \footskip       = 47.6pt
(typearea)              \baselineskip   = 13.6pt
(typearea)              on input line 1799.
)
\c@part=\count182
\c@chapter=\count183
\c@section=\count184
\c@subsection=\count185
\c@subsubsection=\count186
\c@paragraph=\count187
\c@subparagraph=\count188
\scr@dte@chapter@maxnumwidth=\skip53
Class scrreprt Info: using compatibility default `afterindent=bysign'
(scrreprt)           for `\chapter on input line 5994.
\scr@dte@section@maxnumwidth=\skip54
Class scrreprt Info: using compatibility default `runin=bysign'
(scrreprt)           for `\section on input line 6005.
Class scrreprt Info: using compatibility default `afterindent=bysign'
(scrreprt)           for `\section on input line 6005.
\scr@dte@part@maxnumwidth=\skip55
Class scrreprt Info: using compatibility default `afterindent=true'
(scrreprt)           for `\part on input line 6014.
\scr@dte@subsection@maxnumwidth=\skip56
Class scrreprt Info: using compatibility default `runin=bysign'
(scrreprt)           for `\subsection on input line 6024.
Class scrreprt Info: using compatibility default `afterindent=bysign'
(scrreprt)           for `\subsection on input line 6024.
\scr@dte@subsubsection@maxnumwidth=\skip57
Class scrreprt Info: using compatibility default `runin=bysign'
(scrreprt)           for `\subsubsection on input line 6034.
Class scrreprt Info: using compatibility default `afterindent=bysign'
(scrreprt)           for `\subsubsection on input line 6034.
\scr@dte@paragraph@maxnumwidth=\skip58
Class scrreprt Info: using compatibility default `runin=bysign'
(scrreprt)           for `\paragraph on input line 6045.
Class scrreprt Info: using compatibility default `afterindent=bysign'
(scrreprt)           for `\paragraph on input line 6045.
\scr@dte@subparagraph@maxnumwidth=\skip59
Class scrreprt Info: using compatibility default `runin=bysign'
(scrreprt)           for `\subparagraph on input line 6055.
Class scrreprt Info: using compatibility default `afterindent=bysign'
(scrreprt)           for `\subparagraph on input line 6055.
\abovecaptionskip=\skip60
\belowcaptionskip=\skip61
\c@pti@nb@sid@b@x=\box52
Package tocbasic Info: omitting babel extension for `lof'
(tocbasic)             because of feature `nobabel' available
(tocbasic)             for `lof' on input line 7240.
\scr@dte@figure@maxnumwidth=\skip62
\c@figure=\count189
Package tocbasic Info: omitting babel extension for `lot'
(tocbasic)             because of feature `nobabel' available
(tocbasic)             for `lot' on input line 7257.
\scr@dte@table@maxnumwidth=\skip63
\c@table=\count190
Class scrreprt Info: Redefining `\numberline' on input line 7428.
\bibindent=\dimen138
) (C:\Users\lsi8012\AppData\Local\Programs\MiKTeX\tex/latex/amsmath\amsmath.sty
Package: amsmath 2022/04/08 v2.17n AMS math features
\@mathmargin=\skip64
For additional information on amsmath, use the `?' option.
(C:\Users\lsi8012\AppData\Local\Programs\MiKTeX\tex/latex/amsmath\amstext.sty
Package: amstext 2021/08/26 v2.01 AMS text
(C:\Users\lsi8012\AppData\Local\Programs\MiKTeX\tex/latex/amsmath\amsgen.sty
File: amsgen.sty 1999/11/30 v2.0 generic functions
\@emptytoks=\toks17
\ex@=\dimen139
)) (C:\Users\lsi8012\AppData\Local\Programs\MiKTeX\tex/latex/amsmath\amsbsy.sty
Package: amsbsy 1999/11/29 v1.2d Bold Symbols
\pmbraise@=\dimen140
) (C:\Users\lsi8012\AppData\Local\Programs\MiKTeX\tex/latex/amsmath\amsopn.sty
Package: amsopn 2022/04/08 v2.04 operator names
)
\inf@bad=\count191
LaTeX Info: Redefining \frac on input line 234.
\uproot@=\count192
\leftroot@=\count193
LaTeX Info: Redefining \overline on input line 399.
LaTeX Info: Redefining \colon on input line 410.
\classnum@=\count194
\DOTSCASE@=\count195
LaTeX Info: Redefining \ldots on input line 496.
LaTeX Info: Redefining \dots on input line 499.
LaTeX Info: Redefining \cdots on input line 620.
\Mathstrutbox@=\box53
\strutbox@=\box54
LaTeX Info: Redefining \big on input line 722.
LaTeX Info: Redefining \Big on input line 723.
LaTeX Info: Redefining \bigg on input line 724.
LaTeX Info: Redefining \Bigg on input line 725.
\big@size=\dimen141
LaTeX Font Info:    Redeclaring font encoding OML on input line 743.
LaTeX Font Info:    Redeclaring font encoding OMS on input line 744.
\macc@depth=\count196
LaTeX Info: Redefining \bmod on input line 905.
LaTeX Info: Redefining \pmod on input line 910.
LaTeX Info: Redefining \smash on input line 940.
LaTeX Info: Redefining \relbar on input line 970.
LaTeX Info: Redefining \Relbar on input line 971.
\c@MaxMatrixCols=\count197
\dotsspace@=\muskip16
\c@parentequation=\count198
\dspbrk@lvl=\count199
\tag@help=\toks18
\row@=\count266
\column@=\count267
\maxfields@=\count268
\andhelp@=\toks19
\eqnshift@=\dimen142
\alignsep@=\dimen143
\tagshift@=\dimen144
\tagwidth@=\dimen145
\totwidth@=\dimen146
\lineht@=\dimen147
\@envbody=\toks20
\multlinegap=\skip65
\multlinetaggap=\skip66
\mathdisplay@stack=\toks21
LaTeX Info: Redefining \[ on input line 2953.
LaTeX Info: Redefining \] on input line 2954.
) (C:\Users\lsi8012\AppData\Local\Programs\MiKTeX\tex/latex/amsfonts\amssymb.st
y
Package: amssymb 2013/01/14 v3.01 AMS font symbols

(C:\Users\lsi8012\AppData\Local\Programs\MiKTeX\tex/latex/amsfonts\amsfonts.sty
Package: amsfonts 2013/01/14 v3.01 Basic AMSFonts support
\symAMSa=\mathgroup4
\symAMSb=\mathgroup5
LaTeX Font Info:    Redeclaring math symbol \hbar on input line 98.
LaTeX Font Info:    Overwriting math alphabet `\mathfrak' in version `bold'
(Font)                  U/euf/m/n --> U/euf/b/n on input line 106.
)) (C:\Users\lsi8012\AppData\Local\Programs\MiKTeX\tex/generic/iftex\iftex.sty
Package: iftex 2022/02/03 v1.0f TeX engine tests
)
(C:\Users\lsi8012\AppData\Local\Programs\MiKTeX\tex/latex/unicode-math\unicode-
math.sty (C:\Users\lsi8012\AppData\Local\Programs\MiKTeX\tex/latex/l3kernel\exp
l3.sty
Package: expl3 2022-07-04 L3 programming layer (loader) 

(C:\Users\lsi8012\AppData\Local\Programs\MiKTeX\tex/latex/l3backend\l3backend-x
etex.def
File: l3backend-xetex.def 2022-07-01 L3 backend support: XeTeX
\g__graphics_track_int=\count269
\l__pdf_internal_box=\box55
\g__pdf_backend_object_int=\count270
\g__pdf_backend_annotation_int=\count271
\g__pdf_backend_link_int=\count272
))
Package: unicode-math 2023/08/13 v0.8r Unicode maths in XeLaTeX and LuaLaTeX

(C:\Users\lsi8012\AppData\Local\Programs\MiKTeX\tex/latex/unicode-math\unicode-
math-xetex.sty
Package: unicode-math-xetex 2023/08/13 v0.8r Unicode maths in XeLaTeX and LuaLa
TeX

(C:\Users\lsi8012\AppData\Local\Programs\MiKTeX\tex/latex/l3packages/xparse\xpa
rse.sty
Package: xparse 2022-06-22 L3 Experimental document command parser
)
(C:\Users\lsi8012\AppData\Local\Programs\MiKTeX\tex/latex/l3packages/l3keys2e\l
3keys2e.sty
Package: l3keys2e 2022-06-22 LaTeX2e option processing using LaTeX3 keys
)
(C:\Users\lsi8012\AppData\Local\Programs\MiKTeX\tex/latex/fontspec\fontspec.sty
Package: fontspec 2022/01/15 v2.8a Font selection for XeLaTeX and LuaLaTeX

(C:\Users\lsi8012\AppData\Local\Programs\MiKTeX\tex/latex/fontspec\fontspec-xet
ex.sty
Package: fontspec-xetex 2022/01/15 v2.8a Font selection for XeLaTeX and LuaLaTe
X
\l__fontspec_script_int=\count273
\l__fontspec_language_int=\count274
\l__fontspec_strnum_int=\count275
\l__fontspec_tmp_int=\count276
\l__fontspec_tmpa_int=\count277
\l__fontspec_tmpb_int=\count278
\l__fontspec_tmpc_int=\count279
\l__fontspec_em_int=\count280
\l__fontspec_emdef_int=\count281
\l__fontspec_strong_int=\count282
\l__fontspec_strongdef_int=\count283
\l__fontspec_tmpa_dim=\dimen148
\l__fontspec_tmpb_dim=\dimen149
\l__fontspec_tmpc_dim=\dimen150
(C:\Users\lsi8012\AppData\Local\Programs\MiKTeX\tex/latex/base\fontenc.sty
Package: fontenc 2021/04/29 v2.0v Standard LaTeX package
)
(C:\Users\lsi8012\AppData\Local\Programs\MiKTeX\tex/latex/fontspec\fontspec.cfg
))) (C:\Users\lsi8012\AppData\Local\Programs\MiKTeX\tex/latex/base\fix-cm.sty
Package: fix-cm 2020/11/24 v1.1t fixes to LaTeX
(C:\Users\lsi8012\AppData\Local\Programs\MiKTeX\tex/latex/base\ts1enc.def
File: ts1enc.def 2001/06/05 v3.0e (jk/car/fm) Standard LaTeX file
LaTeX Font Info:    Redeclaring font encoding TS1 on input line 47.
))
\g__um_fam_int=\count284
\g__um_fonts_used_int=\count285
\l__um_primecount_int=\count286
\g__um_primekern_muskip=\muskip17

(C:\Users\lsi8012\AppData\Local\Programs\MiKTeX\tex/latex/unicode-math\unicode-
math-table.tex))) (C:\Users\lsi8012\AppData\Local\Programs\MiKTeX\tex/latex/lm\
lmodern.sty
Package: lmodern 2015/05/01 v1.6.1 Latin Modern Fonts
LaTeX Font Info:    Overwriting symbol font `operators' in version `normal'
(Font)                  OT1/cmr/m/n --> OT1/lmr/m/n on input line 22.
LaTeX Font Info:    Overwriting symbol font `letters' in version `normal'
(Font)                  OML/cmm/m/it --> OML/lmm/m/it on input line 23.
LaTeX Font Info:    Overwriting symbol font `symbols' in version `normal'
(Font)                  OMS/cmsy/m/n --> OMS/lmsy/m/n on input line 24.
LaTeX Font Info:    Overwriting symbol font `largesymbols' in version `normal'
(Font)                  OMX/cmex/m/n --> OMX/lmex/m/n on input line 25.
LaTeX Font Info:    Overwriting symbol font `operators' in version `bold'
(Font)                  OT1/cmr/bx/n --> OT1/lmr/bx/n on input line 26.
LaTeX Font Info:    Overwriting symbol font `letters' in version `bold'
(Font)                  OML/cmm/b/it --> OML/lmm/b/it on input line 27.
LaTeX Font Info:    Overwriting symbol font `symbols' in version `bold'
(Font)                  OMS/cmsy/b/n --> OMS/lmsy/b/n on input line 28.
LaTeX Font Info:    Overwriting symbol font `largesymbols' in version `bold'
(Font)                  OMX/cmex/m/n --> OMX/lmex/m/n on input line 29.
LaTeX Font Info:    Overwriting math alphabet `\mathbf' in version `normal'
(Font)                  OT1/cmr/bx/n --> OT1/lmr/bx/n on input line 31.
LaTeX Font Info:    Overwriting math alphabet `\mathsf' in version `normal'
(Font)                  OT1/cmss/m/n --> OT1/lmss/m/n on input line 32.
LaTeX Font Info:    Overwriting math alphabet `\mathit' in version `normal'
(Font)                  OT1/cmr/m/it --> OT1/lmr/m/it on input line 33.
LaTeX Font Info:    Overwriting math alphabet `\mathtt' in version `normal'
(Font)                  OT1/cmtt/m/n --> OT1/lmtt/m/n on input line 34.
LaTeX Font Info:    Overwriting math alphabet `\mathbf' in version `bold'
(Font)                  OT1/cmr/bx/n --> OT1/lmr/bx/n on input line 35.
LaTeX Font Info:    Overwriting math alphabet `\mathsf' in version `bold'
(Font)                  OT1/cmss/bx/n --> OT1/lmss/bx/n on input line 36.
LaTeX Font Info:    Overwriting math alphabet `\mathit' in version `bold'
(Font)                  OT1/cmr/bx/it --> OT1/lmr/bx/it on input line 37.
LaTeX Font Info:    Overwriting math alphabet `\mathtt' in version `bold'
(Font)                  OT1/cmtt/m/n --> OT1/lmtt/m/n on input line 38.
) (C:\Users\lsi8012\AppData\Local\Programs\MiKTeX\tex/latex/upquote\upquote.sty
Package: upquote 2012/04/19 v1.3 upright-quote and grave-accent glyphs in verba
tim
(C:\Users\lsi8012\AppData\Local\Programs\MiKTeX\tex/latex/base\textcomp.sty
Package: textcomp 2020/02/02 v2.0n Standard LaTeX package
))
(C:\Users\lsi8012\AppData\Local\Programs\MiKTeX\tex/latex/microtype\microtype.s
ty
Package: microtype 2024/03/29 v3.1b Micro-typographical refinements (RS)

(C:\Users\lsi8012\AppData\Local\Programs\MiKTeX\tex/latex/etoolbox\etoolbox.sty
Package: etoolbox 2020/10/05 v2.5k e-TeX tools for LaTeX (JAW)
\etb@tempcnta=\count287
)
\MT@toks=\toks22
\MT@tempbox=\box56
\MT@count=\count288
LaTeX Info: Redefining \noprotrusionifhmode on input line 1061.
LaTeX Info: Redefining \leftprotrusion on input line 1062.
\MT@prot@toks=\toks23
LaTeX Info: Redefining \rightprotrusion on input line 1081.
LaTeX Info: Redefining \textls on input line 1392.
\MT@outer@kern=\dimen151
LaTeX Info: Redefining \textmicrotypecontext on input line 2013.
\MT@listname@count=\count289

(C:\Users\lsi8012\AppData\Local\Programs\MiKTeX\tex/latex/microtype\microtype-x
etex.def
File: microtype-xetex.def 2024/03/29 v3.1b Definitions specific to xetex (RS)
LaTeX Info: Redefining \lsstyle on input line 238.
)
Package microtype Info: Loading configuration file microtype.cfg.

(C:\Users\lsi8012\AppData\Local\Programs\MiKTeX\tex/latex/microtype\microtype.c
fg
File: microtype.cfg 2024/03/29 v3.1b microtype main configuration file (RS)
)) (C:\Users\lsi8012\AppData\Local\Programs\MiKTeX\tex/latex/xcolor\xcolor.sty
Package: xcolor 2022/06/12 v2.14 LaTeX color extensions (UK)

(C:\Users\lsi8012\AppData\Local\Programs\MiKTeX\tex/latex/graphics-cfg\color.cf
g
File: color.cfg 2016/01/02 v1.6 sample color configuration
)
Package xcolor Info: Driver file: xetex.def on input line 227.

(C:\Users\lsi8012\AppData\Local\Programs\MiKTeX\tex/latex/graphics-def\xetex.de
f
File: xetex.def 2022/04/16 v5.0m Graphics/color driver for xetex
)
(C:\Users\lsi8012\AppData\Local\Programs\MiKTeX\tex/latex-dev/graphics\mathcolo
r.ltx)
Package xcolor Info: Model `cmy' substituted by `cmy0' on input line 1353.
Package xcolor Info: Model `RGB' extended on input line 1369.
Package xcolor Info: Model `HTML' substituted by `rgb' on input line 1371.
Package xcolor Info: Model `Hsb' substituted by `hsb' on input line 1372.
Package xcolor Info: Model `tHsb' substituted by `hsb' on input line 1373.
Package xcolor Info: Model `HSB' substituted by `hsb' on input line 1374.
Package xcolor Info: Model `Gray' substituted by `gray' on input line 1375.
Package xcolor Info: Model `wave' substituted by `hsb' on input line 1376.

(C:\Users\lsi8012\AppData\Local\Programs\MiKTeX\tex/latex/graphics\dvipsnam.def
File: dvipsnam.def 2016/06/17 v3.0m Driver-dependent file (DPC,SPQR)
) (C:\Users\lsi8012\AppData\Local\Programs\MiKTeX\tex/latex/xcolor\svgnam.def
File: svgnam.def 2022/06/12 v2.14 Predefined colors according to SVG 1.1 (UK)
) (C:\Users\lsi8012\AppData\Local\Programs\MiKTeX\tex/latex/xcolor\x11nam.def
File: x11nam.def 2022/06/12 v2.14 Predefined colors according to Unix/X11 (UK)
))
(C:\Users\lsi8012\AppData\Local\Programs\MiKTeX\tex/latex/fancyvrb\fancyvrb.sty
Package: fancyvrb 2024/01/20 4.5c verbatim text (tvz,hv)
\FV@CodeLineNo=\count290
\FV@InFile=\read2
\FV@TabBox=\box57
\c@FancyVerbLine=\count291
\FV@StepNumber=\count292
\FV@OutFile=\write3
) (C:\Users\lsi8012\AppData\Local\Programs\MiKTeX\tex/latex/framed\framed.sty
Package: framed 2011/10/22 v 0.96: framed or shaded text with page breaks
\OuterFrameSep=\skip67
\fb@frw=\dimen152
\fb@frh=\dimen153
\FrameRule=\dimen154
\FrameSep=\dimen155
) (C:\Users\lsi8012\AppData\Local\Programs\MiKTeX\tex/latex/tools\longtable.sty
Package: longtable 2021-09-01 v4.17 Multi-page Table package (DPC)
\LTleft=\skip68
\LTright=\skip69
\LTpre=\skip70
\LTpost=\skip71
\LTchunksize=\count293
\LTcapwidth=\dimen156
\LT@head=\box58
\LT@firsthead=\box59
\LT@foot=\box60
\LT@lastfoot=\box61
\LT@gbox=\box62
\LT@cols=\count294
\LT@rows=\count295
\c@LT@tables=\count296
\c@LT@chunks=\count297
\LT@p@ftn=\toks24
)
Class scrreprt Info: longtable captions redefined on input line 112.

(C:\Users\lsi8012\AppData\Local\Programs\MiKTeX\tex/latex/booktabs\booktabs.sty
Package: booktabs 2020/01/12 v1.61803398 Publication quality tables
\heavyrulewidth=\dimen157
\lightrulewidth=\dimen158
\cmidrulewidth=\dimen159
\belowrulesep=\dimen160
\belowbottomsep=\dimen161
\aboverulesep=\dimen162
\abovetopsep=\dimen163
\cmidrulesep=\dimen164
\cmidrulekern=\dimen165
\defaultaddspace=\dimen166
\@cmidla=\count298
\@cmidlb=\count299
\@aboverulesep=\dimen167
\@belowrulesep=\dimen168
\@thisruleclass=\count300
\@lastruleclass=\count301
\@thisrulewidth=\dimen169
) (C:\Users\lsi8012\AppData\Local\Programs\MiKTeX\tex/latex/tools\array.sty
Package: array 2021/10/04 v2.5f Tabular extension package (FMi)
\col@sep=\dimen170
\ar@mcellbox=\box63
\extrarowheight=\dimen171
\NC@list=\toks25
\extratabsurround=\skip72
\backup@length=\skip73
\ar@cellbox=\box64
)
(C:\Users\lsi8012\AppData\Local\Programs\MiKTeX\tex/latex/multirow\multirow.sty
Package: multirow 2021/03/15 v2.8 Span multiple rows of a table
\multirow@colwidth=\skip74
\multirow@cntb=\count302
\multirow@dima=\skip75
\bigstrutjot=\dimen172
) (C:\Users\lsi8012\AppData\Local\Programs\MiKTeX\tex/latex/tools\calc.sty
Package: calc 2017/05/25 v4.3 Infix arithmetic (KKT,FJ)
\calc@Acount=\count303
\calc@Bcount=\count304
\calc@Adimen=\dimen173
\calc@Bdimen=\dimen174
\calc@Askip=\skip76
\calc@Bskip=\skip77
LaTeX Info: Redefining \setlength on input line 80.
LaTeX Info: Redefining \addtolength on input line 81.
\calc@Ccount=\count305
\calc@Cskip=\skip78
)
(C:\Users\lsi8012\AppData\Local\Programs\MiKTeX\tex/latex/footnotehyper\footnot
ehyper.sty
Package: footnotehyper 2021/08/13 v1.1e hyperref aware footnote.sty (JFB)
\FNH@notes=\box65
\FNH@width=\dimen175
\FNH@toks=\toks26
)
(C:\Users\lsi8012\AppData\Local\Programs\MiKTeX\tex/latex/graphics\graphicx.sty
Package: graphicx 2021/09/16 v1.2d Enhanced LaTeX Graphics (DPC,SPQR)

(C:\Users\lsi8012\AppData\Local\Programs\MiKTeX\tex/latex/graphics\graphics.sty
Package: graphics 2022/03/10 v1.4e Standard LaTeX Graphics (DPC,SPQR)
(C:\Users\lsi8012\AppData\Local\Programs\MiKTeX\tex/latex/graphics\trig.sty
Package: trig 2021/08/11 v1.11 sin cos tan (DPC)
)
(C:\Users\lsi8012\AppData\Local\Programs\MiKTeX\tex/latex/graphics-cfg\graphics
.cfg
File: graphics.cfg 2016/06/04 v1.11 sample graphics configuration
)
Package graphics Info: Driver file: xetex.def on input line 107.
)
\Gin@req@height=\dimen176
\Gin@req@width=\dimen177
)
\pandoc@box=\box66

(C:\Users\lsi8012\AppData\Local\Programs\MiKTeX\tex/latex/bookmark\bookmark.sty
Package: bookmark 2023-12-10 v1.31 PDF bookmarks (HO)

(C:\Users\lsi8012\AppData\Local\Programs\MiKTeX\tex/latex/hyperref\hyperref.sty
Package: hyperref 2022-06-20 v7.00s Hypertext links for LaTeX

(C:\Users\lsi8012\AppData\Local\Programs\MiKTeX\tex/generic/ltxcmds\ltxcmds.sty
Package: ltxcmds 2023-12-04 v1.26 LaTeX kernel commands for general use (HO)
)
(C:\Users\lsi8012\AppData\Local\Programs\MiKTeX\tex/generic/pdftexcmds\pdftexcm
ds.sty
Package: pdftexcmds 2020-06-27 v0.33 Utility functions of pdfTeX for LuaTeX (HO
)

(C:\Users\lsi8012\AppData\Local\Programs\MiKTeX\tex/generic/infwarerr\infwarerr
.sty
Package: infwarerr 2019/12/03 v1.5 Providing info/warning/error messages (HO)
)
Package pdftexcmds Info: \pdf@primitive is available.
Package pdftexcmds Info: \pdf@ifprimitive is available.
Package pdftexcmds Info: \pdfdraftmode not found.
)
(C:\Users\lsi8012\AppData\Local\Programs\MiKTeX\tex/latex/kvsetkeys\kvsetkeys.s
ty
Package: kvsetkeys 2022-10-05 v1.19 Key value parser (HO)
)
(C:\Users\lsi8012\AppData\Local\Programs\MiKTeX\tex/generic/kvdefinekeys\kvdefi
nekeys.sty
Package: kvdefinekeys 2019-12-19 v1.6 Define keys (HO)
)
(C:\Users\lsi8012\AppData\Local\Programs\MiKTeX\tex/generic/pdfescape\pdfescape
.sty
Package: pdfescape 2019/12/09 v1.15 Implements pdfTeX's escape features (HO)
) (C:\Users\lsi8012\AppData\Local\Programs\MiKTeX\tex/latex/hycolor\hycolor.sty
Package: hycolor 2020-01-27 v1.10 Color options for hyperref/bookmark (HO)
)
(C:\Users\lsi8012\AppData\Local\Programs\MiKTeX\tex/latex/letltxmacro\letltxmac
ro.sty
Package: letltxmacro 2019/12/03 v1.6 Let assignment for LaTeX macros (HO)
) (C:\Users\lsi8012\AppData\Local\Programs\MiKTeX\tex/latex/auxhook\auxhook.sty
Package: auxhook 2019-12-17 v1.6 Hooks for auxiliary files (HO)
) (C:\Users\lsi8012\AppData\Local\Programs\MiKTeX\tex/latex/hyperref\nameref.st
y
Package: nameref 2022-05-17 v2.50 Cross-referencing by name of section

(C:\Users\lsi8012\AppData\Local\Programs\MiKTeX\tex/latex/refcount\refcount.sty
Package: refcount 2019/12/15 v3.6 Data extraction from label references (HO)
)
(C:\Users\lsi8012\AppData\Local\Programs\MiKTeX\tex/generic/gettitlestring\gett
itlestring.sty
Package: gettitlestring 2019/12/15 v1.6 Cleanup title references (HO)

(C:\Users\lsi8012\AppData\Local\Programs\MiKTeX\tex/latex/kvoptions\kvoptions.s
ty
Package: kvoptions 2022-06-15 v3.15 Key value format for package options (HO)
))
\c@section@level=\count306
)
\@linkdim=\dimen178
\Hy@linkcounter=\count307
\Hy@pagecounter=\count308
(C:\Users\lsi8012\AppData\Local\Programs\MiKTeX\tex/latex/hyperref\pd1enc.def
File: pd1enc.def 2022-06-20 v7.00s Hyperref: PDFDocEncoding definition (HO)
)
(C:\Users\lsi8012\AppData\Local\Programs\MiKTeX\tex/generic/intcalc\intcalc.sty
Package: intcalc 2019/12/15 v1.3 Expandable calculations with integers (HO)
)
(C:\Users\lsi8012\AppData\Local\Programs\MiKTeX\tex/generic/etexcmds\etexcmds.s
ty
Package: etexcmds 2019/12/15 v1.7 Avoid name clashes with e-TeX commands (HO)
)
\Hy@SavedSpaceFactor=\count309
(C:\Users\lsi8012\AppData\Local\Programs\MiKTeX\tex/latex/hyperref\puenc.def
File: puenc.def 2022-06-20 v7.00s Hyperref: PDF Unicode definition (HO)
)
Package hyperref Info: Option `unicode' set `true' on input line 4045.
Package hyperref Info: Hyper figures OFF on input line 4162.
Package hyperref Info: Link nesting OFF on input line 4167.
Package hyperref Info: Hyper index ON on input line 4170.
Package hyperref Info: Plain pages OFF on input line 4177.
Package hyperref Info: Backreferencing OFF on input line 4182.
Package hyperref Info: Implicit mode ON; LaTeX internals redefined.
Package hyperref Info: Bookmarks ON on input line 4408.
\c@Hy@tempcnt=\count310
(C:\Users\lsi8012\AppData\Local\Programs\MiKTeX\tex/latex/url\url.sty
\Urlmuskip=\muskip18
Package: url 2013/09/16  ver 3.4  Verb mode for urls, etc.
)
LaTeX Info: Redefining \url on input line 4746.
\XeTeXLinkMargin=\dimen179
(C:\Users\lsi8012\AppData\Local\Programs\MiKTeX\tex/generic/bitset\bitset.sty
Package: bitset 2019/12/09 v1.3 Handle bit-vector datatype (HO)

(C:\Users\lsi8012\AppData\Local\Programs\MiKTeX\tex/generic/bigintcalc\bigintca
lc.sty
Package: bigintcalc 2019/12/15 v1.5 Expandable calculations on big integers (HO
)
))
\Fld@menulength=\count311
\Field@Width=\dimen180
\Fld@charsize=\dimen181
Package hyperref Info: Hyper figures OFF on input line 6024.
Package hyperref Info: Link nesting OFF on input line 6029.
Package hyperref Info: Hyper index ON on input line 6032.
Package hyperref Info: backreferencing OFF on input line 6039.
Package hyperref Info: Link coloring OFF on input line 6044.
Package hyperref Info: Link coloring with OCG OFF on input line 6049.
Package hyperref Info: PDF/A mode OFF on input line 6054.

(C:\Users\lsi8012\AppData\Local\Programs\MiKTeX\tex/latex/base\atbegshi-ltx.sty
Package: atbegshi-ltx 2021/01/10 v1.0c Emulation of the original atbegshi
package with kernel methods
)
\Hy@abspage=\count312
\c@Item=\count313
\c@Hfootnote=\count314
)
Package hyperref Info: Driver (autodetected): hxetex.
(C:\Users\lsi8012\AppData\Local\Programs\MiKTeX\tex/latex/hyperref\hxetex.def
File: hxetex.def 2022-06-20 v7.00s Hyperref driver for XeTeX

(C:\Users\lsi8012\AppData\Local\Programs\MiKTeX\tex/generic/stringenc\stringenc
.sty
Package: stringenc 2019/11/29 v1.12 Convert strings between diff. encodings (HO
)
)
\pdfm@box=\box67
\c@Hy@AnnotLevel=\count315
\HyField@AnnotCount=\count316
\Fld@listcount=\count317
\c@bookmark@seq@number=\count318

(C:\Users\lsi8012\AppData\Local\Programs\MiKTeX\tex/latex/rerunfilecheck\rerunf
ilecheck.sty
Package: rerunfilecheck 2022-07-10 v1.10 Rerun checks for auxiliary files (HO)

(C:\Users\lsi8012\AppData\Local\Programs\MiKTeX\tex/latex/base\atveryend-ltx.st
y
Package: atveryend-ltx 2020/08/19 v1.0a Emulation of the original atveryend pac
kage
with kernel methods
)
(C:\Users\lsi8012\AppData\Local\Programs\MiKTeX\tex/generic/uniquecounter\uniqu
ecounter.sty
Package: uniquecounter 2019/12/15 v1.4 Provide unlimited unique counter (HO)
)
Package uniquecounter Info: New unique counter `rerunfilecheck' on input line 2
85.
)
\Hy@SectionHShift=\skip79
)
(C:\Users\lsi8012\AppData\Local\Programs\MiKTeX\tex/latex/bookmark\bkm-dvipdfm.
def
File: bkm-dvipdfm.def 2023-12-10 v1.31 bookmark driver for dvipdfm (HO)
\BKM@id=\count319
)) (C:\Users\lsi8012\AppData\Local\Programs\MiKTeX\tex/latex/caption\caption.st
y
Package: caption 2023/08/05 v3.6o Customizing captions (AR)
(C:\Users\lsi8012\AppData\Local\Programs\MiKTeX\tex/latex/caption\caption3.sty
Package: caption3 2023/07/31 v2.4d caption3 kernel (AR)
\caption@tempdima=\dimen182
\captionmargin=\dimen183
\caption@leftmargin=\dimen184
\caption@rightmargin=\dimen185
\caption@width=\dimen186
\caption@indent=\dimen187
\caption@parindent=\dimen188
\caption@hangindent=\dimen189
Package caption Info: KOMA-Script document class detected.

(C:\Users\lsi8012\AppData\Local\Programs\MiKTeX\tex/latex/caption\caption-koma.
sto
File: caption-koma.sto 2023/09/08 v2.0e Adaption of the caption package to the 
KOMA-Script document classes (AR)
))
\c@caption@flags=\count320
\c@continuedfloat=\count321
Package caption Info: hyperref package is loaded.
Package caption Info: longtable package is loaded.

(C:\Users\lsi8012\AppData\Local\Programs\MiKTeX\tex/latex/caption\ltcaption.sty
Package: ltcaption 2021/01/08 v1.4c longtable captions (AR)
)
Package caption Info: KOMA-Script scrextend package detected.
\caption@addmargin@hsize=\dimen190
\caption@addmargin@linewidth=\dimen191
) (C:\Users\lsi8012\AppData\Local\Programs\MiKTeX\tex/latex/float\float.sty
Package: float 2001/11/08 v1.3d Float enhancements (AL)
\c@float@type=\count322
\float@exts=\toks27
\float@box=\box68
\@float@everytoks=\toks28
\@floatcapt=\box69
)
\@float@every@codelisting=\toks29
\c@codelisting=\count323

(C:\Users\lsi8012\AppData\Local\Programs\MiKTeX\tex/latex/caption\subcaption.st
y
Package: subcaption 2023/07/28 v1.6b Sub-captions (AR)
Package caption Info: New subtype `subfigure' on input line 238.
\c@subfigure=\count324
Package caption Info: New subtype `subtable' on input line 238.
\c@subtable=\count325
) (C:\Users\lsi8012\AppData\Local\Programs\MiKTeX\tex/latex/xurl\xurl.sty
Package: xurl 2022/01/09 v 0.10 modify URL breaks
)
Package hyperref Info: Option `colorlinks' set `true' on input line 214.
No file index.aux.
\openout1 = `index.aux'.

LaTeX Font Info:    Checking defaults for OML/cmm/m/it on input line 228.
LaTeX Font Info:    ... okay on input line 228.
LaTeX Font Info:    Checking defaults for OMS/cmsy/m/n on input line 228.
LaTeX Font Info:    ... okay on input line 228.
LaTeX Font Info:    Checking defaults for OT1/cmr/m/n on input line 228.
LaTeX Font Info:    ... okay on input line 228.
LaTeX Font Info:    Checking defaults for T1/cmr/m/n on input line 228.
LaTeX Font Info:    ... okay on input line 228.
LaTeX Font Info:    Checking defaults for TS1/cmr/m/n on input line 228.
LaTeX Font Info:    ... okay on input line 228.
LaTeX Font Info:    Checking defaults for TU/lmr/m/n on input line 228.
LaTeX Font Info:    ... okay on input line 228.
LaTeX Font Info:    Checking defaults for OMX/cmex/m/n on input line 228.
LaTeX Font Info:    ... okay on input line 228.
LaTeX Font Info:    Checking defaults for U/cmr/m/n on input line 228.
LaTeX Font Info:    ... okay on input line 228.
LaTeX Font Info:    Checking defaults for PD1/pdf/m/n on input line 228.
LaTeX Font Info:    ... okay on input line 228.
LaTeX Font Info:    Checking defaults for PU/pdf/m/n on input line 228.
LaTeX Font Info:    ... okay on input line 228.
Package scrbase Info: activating english \abstractname on input line 228.
Package scrbase Info: activating english \partname on input line 228.
Package scrbase Info: activating english \chaptername on input line 228.
Package scrbase Info: activating english \appendixname on input line 228.
Package scrbase Info: activating english \figurename on input line 228.
Package scrbase Info: activating english \tablename on input line 228.
Package scrbase Info: activating english \contentsname on input line 228.
Package scrbase Info: activating english \listfigurename on input line 228.
Package scrbase Info: activating english \listtablename on input line 228.
Package scrbase Info: activating english \bibname on input line 228.
Package scrbase Info: activating english \indexname on input line 228.
LaTeX Font Info:    Overwriting math alphabet `\mathrm' in version `normal'
(Font)                  OT1/lmr/m/n --> TU/lmr/m/n on input line 228.
LaTeX Font Info:    Overwriting math alphabet `\mathit' in version `normal'
(Font)                  OT1/lmr/m/it --> TU/lmr/m/it on input line 228.
LaTeX Font Info:    Overwriting math alphabet `\mathbf' in version `normal'
(Font)                  OT1/lmr/bx/n --> TU/lmr/bx/n on input line 228.
LaTeX Font Info:    Overwriting math alphabet `\mathsf' in version `normal'
(Font)                  OT1/lmss/m/n --> TU/lmss/m/n on input line 228.
LaTeX Font Info:    Overwriting math alphabet `\mathsf' in version `bold'
(Font)                  OT1/lmss/bx/n --> TU/lmss/bx/n on input line 228.
LaTeX Font Info:    Overwriting math alphabet `\mathtt' in version `normal'
(Font)                  OT1/lmtt/m/n --> TU/lmtt/m/n on input line 228.
LaTeX Font Info:    Overwriting math alphabet `\mathtt' in version `bold'
(Font)                  OT1/lmtt/m/n --> TU/lmtt/bx/n on input line 228.

Package fontspec Info: latinmodern-math scale = 0.9999967668407183.


Package fontspec Info: latinmodern-math scale = 0.9999967668407183.


Package fontspec Info: latinmodern-math scale = 0.9999967668407183.


Package fontspec Info: Font family 'latinmodern-math.otf(0)' created for font
(fontspec)             'latinmodern-math.otf' with options
(fontspec)             [Scale=MatchLowercase,BoldItalicFont={},ItalicFont={},Sm
allCapsFont={},Script=Math,BoldFont={latinmodern-math.otf}].
(fontspec)              
(fontspec)              This font family consists of the following NFSS
(fontspec)             series/shapes:
(fontspec)              
(fontspec)             - 'normal' (m/n) with NFSS spec.:
(fontspec)             <->s*[0.9999967668407183]"[latinmodern-math.otf]/OT:scri
pt=math;language=dflt;"
(fontspec)             - 'small caps'  (m/sc) with NFSS spec.: 
(fontspec)             - 'bold' (b/n) with NFSS spec.:
(fontspec)             <->s*[0.9999967668407183]"[latinmodern-math.otf]/OT:scri
pt=math;language=dflt;"
(fontspec)             - 'bold small caps'  (b/sc) with NFSS spec.: 

LaTeX Font Info:    Font shape `TU/latinmodern-math.otf(0)/m/n' will be
(Font)              scaled to size 10.95pt on input line 228.

Package fontspec Info: latinmodern-math scale = 0.9999967668407183.


Package fontspec Info: latinmodern-math scale = 0.9999967668407183.


Package fontspec Info: latinmodern-math scale = 0.9999967668407183.


Package fontspec Info: latinmodern-math scale = 0.9999967668407183.


Package fontspec Info: latinmodern-math scale = 0.9999967668407183.


Package fontspec Info: Font family 'latinmodern-math.otf(1)' created for font
(fontspec)             'latinmodern-math.otf' with options
(fontspec)             [Scale=MatchLowercase,BoldItalicFont={},ItalicFont={},Sm
allCapsFont={},Script=Math,SizeFeatures={{Size=9.3075-},{Size=6.57-9.3075,Font=
latinmodern-math.otf,Style=MathScript},{Size=-6.57,Font=latinmodern-math.otf,St
yle=MathScriptScript}},BoldFont={latinmodern-math.otf}].
(fontspec)              
(fontspec)              This font family consists of the following NFSS
(fontspec)             series/shapes:
(fontspec)              
(fontspec)             - 'normal' (m/n) with NFSS spec.:
(fontspec)             <9.3075->s*[0.9999967668407183]"[latinmodern-math.otf]/O
T:script=math;language=dflt;"<6.57-9.3075>s*[0.9999967668407183]"[latinmodern-m
ath.otf]/OT:script=math;language=dflt;+ssty=0;"<-6.57>s*[0.9999967668407183]"[l
atinmodern-math.otf]/OT:script=math;language=dflt;+ssty=1;"
(fontspec)             - 'small caps'  (m/sc) with NFSS spec.: 
(fontspec)             - 'bold' (b/n) with NFSS spec.:
(fontspec)             <->s*[0.9999967668407183]"[latinmodern-math.otf]/OT:scri
pt=math;language=dflt;"
(fontspec)             - 'bold small caps'  (b/sc) with NFSS spec.: 

LaTeX Font Info:    Font shape `TU/latinmodern-math.otf(1)/m/n' will be
(Font)              scaled to size 10.95pt on input line 228.
LaTeX Font Info:    Encoding `OT1' has changed to `TU' for symbol font
(Font)              `operators' in the math version `normal' on input line 228.

LaTeX Font Info:    Overwriting symbol font `operators' in version `normal'
(Font)                  OT1/lmr/m/n --> TU/latinmodern-math.otf(1)/m/n on input
 line 228.
LaTeX Font Info:    Encoding `OT1' has changed to `TU' for symbol font
(Font)              `operators' in the math version `bold' on input line 228.
LaTeX Font Info:    Overwriting symbol font `operators' in version `bold'
(Font)                  OT1/lmr/bx/n --> TU/latinmodern-math.otf(1)/b/n on inpu
t line 228.

Package fontspec Info: latinmodern-math scale = 0.9999967668407183.


Package fontspec Info: latinmodern-math scale = 1.000096766517402.


Package fontspec Info: latinmodern-math scale = 0.9999967668407183.


Package fontspec Info: latinmodern-math scale = 1.000096766517402.


Package fontspec Info: latinmodern-math scale = 0.9999967668407183.


Package fontspec Info: latinmodern-math scale = 1.000096766517402.


Package fontspec Info: latinmodern-math scale = 0.9999967668407183.


Package fontspec Info: latinmodern-math scale = 1.000096766517402.


Package fontspec Info: latinmodern-math scale = 0.9999967668407183.


Package fontspec Info: latinmodern-math scale = 1.000096766517402.


Package fontspec Info: Font family 'latinmodern-math.otf(2)' created for font
(fontspec)             'latinmodern-math.otf' with options
(fontspec)             [Scale=MatchLowercase,BoldItalicFont={},ItalicFont={},Sm
allCapsFont={},Script=Math,SizeFeatures={{Size=9.3075-},{Size=6.57-9.3075,Font=
latinmodern-math.otf,Style=MathScript},{Size=-6.57,Font=latinmodern-math.otf,St
yle=MathScriptScript}},BoldFont={latinmodern-math.otf},ScaleAgain=1.0001,FontAd
justment={\fontdimen
(fontspec)             8\font =7.41315pt\relax \fontdimen 9\font
(fontspec)             =4.3143pt\relax \fontdimen 10\font =4.8618pt\relax
(fontspec)             \fontdimen 11\font =7.5117pt\relax \fontdimen 12\font
(fontspec)             =3.77776pt\relax \fontdimen 13\font =3.97485pt\relax
(fontspec)             \fontdimen 14\font =3.97485pt\relax \fontdimen 15\font
(fontspec)             =3.16455pt\relax \fontdimen 16\font =2.70465pt\relax
(fontspec)             \fontdimen 17\font =2.70465pt\relax \fontdimen 18\font
(fontspec)             =2.7375pt\relax \fontdimen 19\font =2.19pt\relax
(fontspec)             \fontdimen 22\font =2.7375pt\relax \fontdimen 20\font
(fontspec)             =0pt\relax \fontdimen 21\font =0pt\relax }].
(fontspec)              
(fontspec)              This font family consists of the following NFSS
(fontspec)             series/shapes:
(fontspec)              
(fontspec)             - 'normal' (m/n) with NFSS spec.:
(fontspec)             <9.3075->s*[1.000096766517402]"[latinmodern-math.otf]/OT
:script=math;language=dflt;"<6.57-9.3075>s*[1.000096766517402]"[latinmodern-mat
h.otf]/OT:script=math;language=dflt;+ssty=0;"<-6.57>s*[1.000096766517402]"[lati
nmodern-math.otf]/OT:script=math;language=dflt;+ssty=1;"
(fontspec)             - 'small caps'  (m/sc) with NFSS spec.: 
(fontspec)             and font adjustment code:
(fontspec)             \fontdimen 8\font =7.41315pt\relax \fontdimen 9\font
(fontspec)             =4.3143pt\relax \fontdimen 10\font =4.8618pt\relax
(fontspec)             \fontdimen 11\font =7.5117pt\relax \fontdimen 12\font
(fontspec)             =3.77776pt\relax \fontdimen 13\font =3.97485pt\relax
(fontspec)             \fontdimen 14\font =3.97485pt\relax \fontdimen 15\font
(fontspec)             =3.16455pt\relax \fontdimen 16\font =2.70465pt\relax
(fontspec)             \fontdimen 17\font =2.70465pt\relax \fontdimen 18\font
(fontspec)             =2.7375pt\relax \fontdimen 19\font =2.19pt\relax
(fontspec)             \fontdimen 22\font =2.7375pt\relax \fontdimen 20\font
(fontspec)             =0pt\relax \fontdimen 21\font =0pt\relax 
(fontspec)             - 'bold' (b/n) with NFSS spec.:
(fontspec)             <->s*[1.000096766517402]"[latinmodern-math.otf]/OT:scrip
t=math;language=dflt;"
(fontspec)             - 'bold small caps'  (b/sc) with NFSS spec.: 
(fontspec)             and font adjustment code:
(fontspec)             \fontdimen 8\font =7.41315pt\relax \fontdimen 9\font
(fontspec)             =4.3143pt\relax \fontdimen 10\font =4.8618pt\relax
(fontspec)             \fontdimen 11\font =7.5117pt\relax \fontdimen 12\font
(fontspec)             =3.77776pt\relax \fontdimen 13\font =3.97485pt\relax
(fontspec)             \fontdimen 14\font =3.97485pt\relax \fontdimen 15\font
(fontspec)             =3.16455pt\relax \fontdimen 16\font =2.70465pt\relax
(fontspec)             \fontdimen 17\font =2.70465pt\relax \fontdimen 18\font
(fontspec)             =2.7375pt\relax \fontdimen 19\font =2.19pt\relax
(fontspec)             \fontdimen 22\font =2.7375pt\relax \fontdimen 20\font
(fontspec)             =0pt\relax \fontdimen 21\font =0pt\relax 

LaTeX Font Info:    Encoding `OMS' has changed to `TU' for symbol font
(Font)              `symbols' in the math version `normal' on input line 228.
LaTeX Font Info:    Overwriting symbol font `symbols' in version `normal'
(Font)                  OMS/lmsy/m/n --> TU/latinmodern-math.otf(2)/m/n on inpu
t line 228.
LaTeX Font Info:    Encoding `OMS' has changed to `TU' for symbol font
(Font)              `symbols' in the math version `bold' on input line 228.
LaTeX Font Info:    Overwriting symbol font `symbols' in version `bold'
(Font)                  OMS/lmsy/b/n --> TU/latinmodern-math.otf(2)/b/n on inpu
t line 228.

Package fontspec Info: latinmodern-math scale = 0.9999967668407183.


Package fontspec Info: latinmodern-math scale = 0.9998967671640342.


Package fontspec Info: latinmodern-math scale = 0.9999967668407183.


Package fontspec Info: latinmodern-math scale = 0.9998967671640342.


Package fontspec Info: latinmodern-math scale = 0.9999967668407183.


Package fontspec Info: latinmodern-math scale = 0.9998967671640342.


Package fontspec Info: latinmodern-math scale = 0.9999967668407183.


Package fontspec Info: latinmodern-math scale = 0.9998967671640342.


Package fontspec Info: latinmodern-math scale = 0.9999967668407183.


Package fontspec Info: latinmodern-math scale = 0.9998967671640342.


Package fontspec Info: Font family 'latinmodern-math.otf(3)' created for font
(fontspec)             'latinmodern-math.otf' with options
(fontspec)             [Scale=MatchLowercase,BoldItalicFont={},ItalicFont={},Sm
allCapsFont={},Script=Math,SizeFeatures={{Size=9.3075-},{Size=6.57-9.3075,Font=
latinmodern-math.otf,Style=MathScript},{Size=-6.57,Font=latinmodern-math.otf,St
yle=MathScriptScript}},BoldFont={latinmodern-math.otf},ScaleAgain=0.9999,FontAd
justment={\fontdimen
(fontspec)             8\font =0.438pt\relax \fontdimen 9\font =2.19pt\relax
(fontspec)             \fontdimen 10\font =1.82864pt\relax \fontdimen 11\font
(fontspec)             =1.21545pt\relax \fontdimen 12\font =6.56999pt\relax
(fontspec)             \fontdimen 13\font =0pt\relax }].
(fontspec)              
(fontspec)              This font family consists of the following NFSS
(fontspec)             series/shapes:
(fontspec)              
(fontspec)             - 'normal' (m/n) with NFSS spec.:
(fontspec)             <9.3075->s*[0.9998967671640342]"[latinmodern-math.otf]/O
T:script=math;language=dflt;"<6.57-9.3075>s*[0.9998967671640342]"[latinmodern-m
ath.otf]/OT:script=math;language=dflt;+ssty=0;"<-6.57>s*[0.9998967671640342]"[l
atinmodern-math.otf]/OT:script=math;language=dflt;+ssty=1;"
(fontspec)             - 'small caps'  (m/sc) with NFSS spec.: 
(fontspec)             and font adjustment code:
(fontspec)             \fontdimen 8\font =0.438pt\relax \fontdimen 9\font
(fontspec)             =2.19pt\relax \fontdimen 10\font =1.82864pt\relax
(fontspec)             \fontdimen 11\font =1.21545pt\relax \fontdimen 12\font
(fontspec)             =6.56999pt\relax \fontdimen 13\font =0pt\relax 
(fontspec)             - 'bold' (b/n) with NFSS spec.:
(fontspec)             <->s*[0.9998967671640342]"[latinmodern-math.otf]/OT:scri
pt=math;language=dflt;"
(fontspec)             - 'bold small caps'  (b/sc) with NFSS spec.: 
(fontspec)             and font adjustment code:
(fontspec)             \fontdimen 8\font =0.438pt\relax \fontdimen 9\font
(fontspec)             =2.19pt\relax \fontdimen 10\font =1.82864pt\relax
(fontspec)             \fontdimen 11\font =1.21545pt\relax \fontdimen 12\font
(fontspec)             =6.56999pt\relax \fontdimen 13\font =0pt\relax 

LaTeX Font Info:    Encoding `OMX' has changed to `TU' for symbol font
(Font)              `largesymbols' in the math version `normal' on input line 2
28.
LaTeX Font Info:    Overwriting symbol font `largesymbols' in version `normal'
(Font)                  OMX/lmex/m/n --> TU/latinmodern-math.otf(3)/m/n on inpu
t line 228.
LaTeX Font Info:    Encoding `OMX' has changed to `TU' for symbol font
(Font)              `largesymbols' in the math version `bold' on input line 228
.
LaTeX Font Info:    Overwriting symbol font `largesymbols' in version `bold'
(Font)                  OMX/lmex/m/n --> TU/latinmodern-math.otf(3)/b/n on inpu
t line 228.
LaTeX Info: Redefining \microtypecontext on input line 228.
Package microtype Info: Applying patch `item' on input line 228.
Package microtype Info: Applying patch `toc' on input line 228.
Package microtype Info: Applying patch `eqnum' on input line 228.
Package microtype Info: Applying patch `footnote' on input line 228.
Package microtype Info: Applying patch `verbatim' on input line 228.
Package microtype Info: Character protrusion enabled (level 2).
Package microtype Info: Using protrusion set `basicmath'.
Package microtype Info: No adjustment of tracking.
Package microtype Info: No adjustment of spacing.
Package microtype Info: No adjustment of kerning.

(C:\Users\lsi8012\AppData\Local\Programs\MiKTeX\tex/latex/microtype\mt-LatinMod
ernRoman.cfg
File: mt-LatinModernRoman.cfg 2021/02/21 v1.1 microtype config. file: Latin Mod
ern Roman (RS)
)
Package hyperref Info: Link coloring ON on input line 228.

Package hyperref Warning: Rerun to get /PageLabels entry.

Package caption Info: Begin \AtBeginDocument code.
Package caption Info: float package is loaded.
Package caption Info: End \AtBeginDocument code.
Package microtype Info: Loading generic protrusion settings for font family
(microtype)             `lmss' (encoding: TU).
(microtype)             For optimal results, create family-specific settings.
(microtype)             See the microtype manual for details.
LaTeX Font Info:    Font shape `TU/latinmodern-math.otf(1)/m/n' will be
(Font)              scaled to size 14.4pt on input line 230.
LaTeX Font Info:    Font shape `TU/latinmodern-math.otf(1)/m/n' will be
(Font)              scaled to size 10.0pt on input line 230.
LaTeX Font Info:    Font shape `TU/latinmodern-math.otf(1)/m/n' will be
(Font)              scaled to size 7.0pt on input line 230.
LaTeX Font Info:    Trying to load font information for OML+lmm on input line 2
30.
(C:\Users\lsi8012\AppData\Local\Programs\MiKTeX\tex/latex/lm\omllmm.fd
File: omllmm.fd 2015/05/01 v1.6.1 Font defs for Latin Modern
)
LaTeX Font Info:    Font shape `TU/latinmodern-math.otf(2)/m/n' will be
(Font)              scaled to size 14.4013pt on input line 230.
LaTeX Font Info:    Font shape `TU/latinmodern-math.otf(2)/m/n' will be
(Font)              scaled to size 10.00092pt on input line 230.
LaTeX Font Info:    Font shape `TU/latinmodern-math.otf(2)/m/n' will be
(Font)              scaled to size 7.00064pt on input line 230.
LaTeX Font Info:    Font shape `TU/latinmodern-math.otf(3)/m/n' will be
(Font)              scaled to size 14.39845pt on input line 230.
LaTeX Font Info:    Font shape `TU/latinmodern-math.otf(3)/m/n' will be
(Font)              scaled to size 9.99893pt on input line 230.
LaTeX Font Info:    Font shape `TU/latinmodern-math.otf(3)/m/n' will be
(Font)              scaled to size 6.99925pt on input line 230.
LaTeX Font Info:    Trying to load font information for U+msa on input line 230
.
(C:\Users\lsi8012\AppData\Local\Programs\MiKTeX\tex/latex/amsfonts\umsa.fd
File: umsa.fd 2013/01/14 v3.01 AMS symbols A
) (C:\Users\lsi8012\AppData\Local\Programs\MiKTeX\tex/latex/microtype\mt-msa.cf
g
File: mt-msa.cfg 2006/02/04 v1.1 microtype config. file: AMS symbols (a) (RS)
)
LaTeX Font Info:    Trying to load font information for U+msb on input line 230
.
(C:\Users\lsi8012\AppData\Local\Programs\MiKTeX\tex/latex/amsfonts\umsb.fd
File: umsb.fd 2013/01/14 v3.01 AMS symbols B
) (C:\Users\lsi8012\AppData\Local\Programs\MiKTeX\tex/latex/microtype\mt-msb.cf
g
File: mt-msb.cfg 2005/06/01 v1.0 microtype config. file: AMS symbols (b) (RS)
) [1



]
Package tocbasic Info: character protrusion at toc deactivated on input line 23
5.
No file index.toc.
\tf@toc=\write4
\openout4 = `index.toc'.

[2

] [3

]
part I.
Package scrkbase Info: You've told me to use the font selection of the element
(scrkbase)             `partprefix' that is an alias of element `partnumber'
(scrkbase)              on input line 304.
[4

]
chapter 1.

Class scrreprt Warning: \float@addtolists detected!
(scrreprt)              Implementation of \float@addtolist became
(scrreprt)              deprecated in KOMA-Script v3.01 2008/11/14 and
(scrreprt)              has been replaced by several more flexible
(scrreprt)              features of package `tocbasic`.
(scrreprt)              Since Version 3.12 support for deprecated
(scrreprt)              \float@addtolist interface has been
(scrreprt)              restricted to only some of the KOMA-Script
(scrreprt)              features and been removed from others.
(scrreprt)              Loading of package `scrhack' may help to
(scrreprt)              avoid this warning, if you are using a
(scrreprt)              a package that still implements the
(scrreprt)              deprecated \float@addtolist interface.


Underfull \hbox (badness 10000) in paragraph at lines 326--329

 []


Underfull \hbox (badness 10000) in paragraph at lines 329--331

 []


Underfull \hbox (badness 10000) in paragraph at lines 331--333

 []


Underfull \hbox (badness 10000) in paragraph at lines 359--362

 []

[5

]
Underfull \hbox (badness 10000) in paragraph at lines 362--364

 []

[6]
LaTeX Font Info:    Font shape `TU/lmtt/bx/n' in size <10.95> not available
(Font)              Font shape `TU/lmtt/b/n' tried instead on input line 441.
File: images/env_create_option.png Graphic file (type bmp)
<images/env_create_option.png>

Overfull \hbox (1.53859pt too wide) in paragraph at lines 451--455
[]\TU/lmr/m/n/10.95 : 
 []

Missing character: There is no ✅ in font [lmroman10-regular]:mapping=tex-text;!
Missing character: There is no ✅ in font [lmroman10-regular]:mapping=tex-text;!
Missing character: There is no ❌ in font [lmroman10-regular]:mapping=tex-text;!
[7] [8] [9] [10] [11] [12]
Underfull \hbox (badness 10000) in paragraph at lines 933--935

 []


Underfull \hbox (badness 10000) in paragraph at lines 943--945

 []


Underfull \hbox (badness 10000) in paragraph at lines 953--955

 []

[13]
chapter 2.

Underfull \hbox (badness 10000) in paragraph at lines 1012--1014

 []


Underfull \hbox (badness 10000) in paragraph at lines 1014--1016

 []


Underfull \hbox (badness 10000) in paragraph at lines 1016--1019

 []


Underfull \hbox (badness 10000) in paragraph at lines 1019--1021

 []


Underfull \hbox (badness 10000) in paragraph at lines 1035--1037

 []


Underfull \hbox (badness 10000) in paragraph at lines 1037--1039

 []


Underfull \hbox (badness 10000) in paragraph at lines 1039--1041

 []

[14

]
Missing character: There is no 👉 in font [lmroman10-regular]:mapping=tex-text;!
[15]
Missing character: There is no 👉 in font [lmroman10-regular]:mapping=tex-text;!
[16] [17]
Overfull \hbox (0.31973pt too wide) in paragraph at lines 1268--1272
[]\TU/lmr/m/n/10.95 Using the redirection operator \TU/lmtt/m/n/10.95 >\TU/lmr/
m/n/10.95 , you can save the output of \TU/lmtt/m/n/10.95 pip freeze \TU/lmr/m/
n/10.95 to a \TU/lmtt/m/n/10.95 requirement.txt\TU/lmr/m/n/10.95 .
 []


Overfull \hbox (41.88359pt too wide) in paragraph at lines 1306--1306
[] \TU/lmtt/m/n/10.95 Directory of c:\Users\lsi8012\OneDrive - Northwestern Uni
versity\FA24\303-1\test_env[] 
 []

[18]
Overfull \hbox (639.75345pt too wide) in paragraph at lines 1377--1377
[]\TU/lmtt/m/n/10.95 Requirement already satisfied: asttokens==2.4.1 in c:\user
s\lsi8012\onedrive - northwestern university\fa24\303-1\test_env\.venv\lib\site
-packages (from -r requirement.txt (line 1)) (2.4.1)[] 
 []


Overfull \hbox (634.0047pt too wide) in paragraph at lines 1377--1377
[]\TU/lmtt/m/n/10.95 Requirement already satisfied: colorama==0.4.6 in c:\users
\lsi8012\onedrive - northwestern university\fa24\303-1\test_env\.venv\lib\site-
packages (from -r requirement.txt (line 2)) (0.4.6)[] 
 []


Overfull \hbox (611.0097pt too wide) in paragraph at lines 1377--1377
[]\TU/lmtt/m/n/10.95 Requirement already satisfied: comm==0.2.2 in c:\users\lsi
8012\onedrive - northwestern university\fa24\303-1\test_env\.venv\lib\site-pack
ages (from -r requirement.txt (line 3)) (0.2.2)[] 
 []


Overfull \hbox (639.75345pt too wide) in paragraph at lines 1377--1377
[]\TU/lmtt/m/n/10.95 Requirement already satisfied: contourpy==1.3.0 in c:\user
s\lsi8012\onedrive - northwestern university\fa24\303-1\test_env\.venv\lib\site
-packages (from -r requirement.txt (line 4)) (1.3.0)[] 
 []


Overfull \hbox (634.0047pt too wide) in paragraph at lines 1377--1377
[]\TU/lmtt/m/n/10.95 Requirement already satisfied: cycler==0.12.1 in c:\users\
lsi8012\onedrive - northwestern university\fa24\303-1\test_env\.venv\lib\site-p
ackages (from -r requirement.txt (line 5)) (0.12.1)[] 
 []


Overfull \hbox (628.25595pt too wide) in paragraph at lines 1377--1377
[]\TU/lmtt/m/n/10.95 Requirement already satisfied: debugpy==1.8.6 in c:\users\
lsi8012\onedrive - northwestern university\fa24\303-1\test_env\.venv\lib\site-p
ackages (from -r requirement.txt (line 6)) (1.8.6)[] 
 []


Overfull \hbox (639.75345pt too wide) in paragraph at lines 1377--1377
[]\TU/lmtt/m/n/10.95 Requirement already satisfied: decorator==5.1.1 in c:\user
s\lsi8012\onedrive - northwestern university\fa24\303-1\test_env\.venv\lib\site
-packages (from -r requirement.txt (line 7)) (5.1.1)[] 
 []


Overfull \hbox (639.75345pt too wide) in paragraph at lines 1377--1377
[]\TU/lmtt/m/n/10.95 Requirement already satisfied: executing==2.1.0 in c:\user
s\lsi8012\onedrive - northwestern university\fa24\303-1\test_env\.venv\lib\site
-packages (from -r requirement.txt (line 8)) (2.1.0)[] 
 []


Overfull \hbox (651.25095pt too wide) in paragraph at lines 1377--1377
[]\TU/lmtt/m/n/10.95 Requirement already satisfied: fonttools==4.54.1 in c:\use
rs\lsi8012\onedrive - northwestern university\fa24\303-1\test_env\.venv\lib\sit
e-packages (from -r requirement.txt (line 9)) (4.54.1)[] 
 []


Overfull \hbox (656.9997pt too wide) in paragraph at lines 1377--1377
[]\TU/lmtt/m/n/10.95 Requirement already satisfied: ipykernel==6.29.5 in c:\use
rs\lsi8012\onedrive - northwestern university\fa24\303-1\test_env\.venv\lib\sit
e-packages (from -r requirement.txt (line 10)) (6.29.5)[] 
 []


Overfull \hbox (645.5022pt too wide) in paragraph at lines 1377--1377
[]\TU/lmtt/m/n/10.95 Requirement already satisfied: ipython==8.27.0 in c:\users
\lsi8012\onedrive - northwestern university\fa24\303-1\test_env\.venv\lib\site-
packages (from -r requirement.txt (line 11)) (8.27.0)[] 
 []


Overfull \hbox (628.25595pt too wide) in paragraph at lines 1377--1377
[]\TU/lmtt/m/n/10.95 Requirement already satisfied: jedi==0.19.1 in c:\users\ls
i8012\onedrive - northwestern university\fa24\303-1\test_env\.venv\lib\site-pac
kages (from -r requirement.txt (line 12)) (0.19.1)[] 
 []


Overfull \hbox (674.24594pt too wide) in paragraph at lines 1377--1377
[]\TU/lmtt/m/n/10.95 Requirement already satisfied: jupyter_client==8.6.3 in c:
\users\lsi8012\onedrive - northwestern university\fa24\303-1\test_env\.venv\lib
\site-packages (from -r requirement.txt (line 13)) (8.6.3)[] 
 []


Overfull \hbox (662.74844pt too wide) in paragraph at lines 1377--1377
[]\TU/lmtt/m/n/10.95 Requirement already satisfied: jupyter_core==5.7.2 in c:\u
sers\lsi8012\onedrive - northwestern university\fa24\303-1\test_env\.venv\lib\s
ite-packages (from -r requirement.txt (line 14)) (5.7.2)[] 
 []


Overfull \hbox (651.25095pt too wide) in paragraph at lines 1377--1377
[]\TU/lmtt/m/n/10.95 Requirement already satisfied: kiwisolver==1.4.7 in c:\use
rs\lsi8012\onedrive - northwestern university\fa24\303-1\test_env\.venv\lib\sit
e-packages (from -r requirement.txt (line 15)) (1.4.7)[] 
 []


Overfull \hbox (651.25095pt too wide) in paragraph at lines 1377--1377
[]\TU/lmtt/m/n/10.95 Requirement already satisfied: matplotlib==3.9.2 in c:\use
rs\lsi8012\onedrive - northwestern university\fa24\303-1\test_env\.venv\lib\sit
e-packages (from -r requirement.txt (line 16)) (3.9.2)[] 
 []


Overfull \hbox (691.49219pt too wide) in paragraph at lines 1377--1377
[]\TU/lmtt/m/n/10.95 Requirement already satisfied: matplotlib-inline==0.1.7 in
 c:\users\lsi8012\onedrive - northwestern university\fa24\303-1\test_env\.venv\
lib\site-packages (from -r requirement.txt (line 17)) (0.1.7)[] 
 []


Overfull \hbox (662.74844pt too wide) in paragraph at lines 1377--1377
[]\TU/lmtt/m/n/10.95 Requirement already satisfied: nest-asyncio==1.6.0 in c:\u
sers\lsi8012\onedrive - northwestern university\fa24\303-1\test_env\.venv\lib\s
ite-packages (from -r requirement.txt (line 18)) (1.6.0)[] 
 []


Overfull \hbox (622.5072pt too wide) in paragraph at lines 1377--1377
[]\TU/lmtt/m/n/10.95 Requirement already satisfied: numpy==2.1.1 in c:\users\ls
i8012\onedrive - northwestern university\fa24\303-1\test_env\.venv\lib\site-pac
kages (from -r requirement.txt (line 19)) (2.1.1)[] 
 []

[19]
Overfull \hbox (634.0047pt too wide) in paragraph at lines 1377--1377
[]\TU/lmtt/m/n/10.95 Requirement already satisfied: packaging==24.1 in c:\users
\lsi8012\onedrive - northwestern university\fa24\303-1\test_env\.venv\lib\site-
packages (from -r requirement.txt (line 20)) (24.1)[] 
 []


Overfull \hbox (628.25595pt too wide) in paragraph at lines 1377--1377
[]\TU/lmtt/m/n/10.95 Requirement already satisfied: pandas==2.2.3 in c:\users\l
si8012\onedrive - northwestern university\fa24\303-1\test_env\.venv\lib\site-pa
ckages (from -r requirement.txt (line 21)) (2.2.3)[] 
 []


Overfull \hbox (622.5072pt too wide) in paragraph at lines 1377--1377
[]\TU/lmtt/m/n/10.95 Requirement already satisfied: parso==0.8.4 in c:\users\ls
i8012\onedrive - northwestern university\fa24\303-1\test_env\.venv\lib\site-pac
kages (from -r requirement.txt (line 22)) (0.8.4)[] 
 []


Overfull \hbox (639.75345pt too wide) in paragraph at lines 1377--1377
[]\TU/lmtt/m/n/10.95 Requirement already satisfied: pillow==10.4.0 in c:\users\
lsi8012\onedrive - northwestern university\fa24\303-1\test_env\.venv\lib\site-p
ackages (from -r requirement.txt (line 23)) (10.4.0)[] 
 []


Overfull \hbox (662.74844pt too wide) in paragraph at lines 1377--1377
[]\TU/lmtt/m/n/10.95 Requirement already satisfied: platformdirs==4.3.6 in c:\u
sers\lsi8012\onedrive - northwestern university\fa24\303-1\test_env\.venv\lib\s
ite-packages (from -r requirement.txt (line 24)) (4.3.6)[] 
 []


Overfull \hbox (685.74342pt too wide) in paragraph at lines 1377--1377
[]\TU/lmtt/m/n/10.95 Requirement already satisfied: prompt_toolkit==3.0.48 in c
:\users\lsi8012\onedrive - northwestern university\fa24\303-1\test_env\.venv\li
b\site-packages (from -r requirement.txt (line 25)) (3.0.48)[] 
 []


Overfull \hbox (628.25595pt too wide) in paragraph at lines 1377--1377
[]\TU/lmtt/m/n/10.95 Requirement already satisfied: psutil==6.0.0 in c:\users\l
si8012\onedrive - northwestern university\fa24\303-1\test_env\.venv\lib\site-pa
ckages (from -r requirement.txt (line 26)) (6.0.0)[] 
 []


Overfull \hbox (645.5022pt too wide) in paragraph at lines 1377--1377
[]\TU/lmtt/m/n/10.95 Requirement already satisfied: pure_eval==0.2.3 in c:\user
s\lsi8012\onedrive - northwestern university\fa24\303-1\test_env\.venv\lib\site
-packages (from -r requirement.txt (line 27)) (0.2.3)[] 
 []


Overfull \hbox (651.25095pt too wide) in paragraph at lines 1377--1377
[]\TU/lmtt/m/n/10.95 Requirement already satisfied: Pygments==2.18.0 in c:\user
s\lsi8012\onedrive - northwestern university\fa24\303-1\test_env\.venv\lib\site
-packages (from -r requirement.txt (line 28)) (2.18.0)[] 
 []


Overfull \hbox (645.5022pt too wide) in paragraph at lines 1377--1377
[]\TU/lmtt/m/n/10.95 Requirement already satisfied: pyparsing==3.1.4 in c:\user
s\lsi8012\onedrive - northwestern university\fa24\303-1\test_env\.venv\lib\site
-packages (from -r requirement.txt (line 29)) (3.1.4)[] 
 []


Overfull \hbox (748.97966pt too wide) in paragraph at lines 1377--1377
[]\TU/lmtt/m/n/10.95 Requirement already satisfied: python-dateutil==2.9.0.post
0 in c:\users\lsi8012\onedrive - northwestern university\fa24\303-1\test_env\.v
env\lib\site-packages (from -r requirement.txt (line 30)) (2.9.0.post0)[] 
 []


Overfull \hbox (628.25595pt too wide) in paragraph at lines 1377--1377
[]\TU/lmtt/m/n/10.95 Requirement already satisfied: pytz==2024.2 in c:\users\ls
i8012\onedrive - northwestern university\fa24\303-1\test_env\.venv\lib\site-pac
kages (from -r requirement.txt (line 31)) (2024.2)[] 
 []


Overfull \hbox (611.0097pt too wide) in paragraph at lines 1377--1377
[]\TU/lmtt/m/n/10.95 Requirement already satisfied: pywin32==306 in c:\users\ls
i8012\onedrive - northwestern university\fa24\303-1\test_env\.venv\lib\site-pac
kages (from -r requirement.txt (line 32)) (306)[] 
 []


Overfull \hbox (634.0047pt too wide) in paragraph at lines 1377--1377
[]\TU/lmtt/m/n/10.95 Requirement already satisfied: pyzmq==26.2.0 in c:\users\l
si8012\onedrive - northwestern university\fa24\303-1\test_env\.venv\lib\site-pa
ckages (from -r requirement.txt (line 33)) (26.2.0)[] 
 []


Overfull \hbox (622.5072pt too wide) in paragraph at lines 1377--1377
[]\TU/lmtt/m/n/10.95 Requirement already satisfied: six==1.16.0 in c:\users\lsi
8012\onedrive - northwestern university\fa24\303-1\test_env\.venv\lib\site-pack
ages (from -r requirement.txt (line 34)) (1.16.0)[] 
 []


Overfull \hbox (651.25095pt too wide) in paragraph at lines 1377--1377
[]\TU/lmtt/m/n/10.95 Requirement already satisfied: stack-data==0.6.3 in c:\use
rs\lsi8012\onedrive - northwestern university\fa24\303-1\test_env\.venv\lib\sit
e-packages (from -r requirement.txt (line 35)) (0.6.3)[] 
 []


Overfull \hbox (634.0047pt too wide) in paragraph at lines 1377--1377
[]\TU/lmtt/m/n/10.95 Requirement already satisfied: tornado==6.4.1 in c:\users\
lsi8012\onedrive - northwestern university\fa24\303-1\test_env\.venv\lib\site-p
ackages (from -r requirement.txt (line 36)) (6.4.1)[] 
 []


Overfull \hbox (656.9997pt too wide) in paragraph at lines 1377--1377
[]\TU/lmtt/m/n/10.95 Requirement already satisfied: traitlets==5.14.3 in c:\use
rs\lsi8012\onedrive - northwestern university\fa24\303-1\test_env\.venv\lib\sit
e-packages (from -r requirement.txt (line 37)) (5.14.3)[] 
 []


Overfull \hbox (639.75345pt too wide) in paragraph at lines 1377--1377
[]\TU/lmtt/m/n/10.95 Requirement already satisfied: tzdata==2024.2 in c:\users\
lsi8012\onedrive - northwestern university\fa24\303-1\test_env\.venv\lib\site-p
ackages (from -r requirement.txt (line 38)) (2024.2)[] 
 []


Overfull \hbox (645.5022pt too wide) in paragraph at lines 1377--1377
[]\TU/lmtt/m/n/10.95 Requirement already satisfied: wcwidth==0.2.13 in c:\users
\lsi8012\onedrive - northwestern university\fa24\303-1\test_env\.venv\lib\site-
packages (from -r requirement.txt (line 39)) (0.2.13)[] 
 []

[20]
Underfull \hbox (badness 10000) in paragraph at lines 1429--1432

 []


Underfull \hbox (badness 10000) in paragraph at lines 1432--1435

 []


Underfull \hbox (badness 10000) in paragraph at lines 1444--1446

 []

Missing character: There is no ✅ in font [lmroman10-regular]:mapping=tex-text;!
Missing character: There is no ✅ in font [lmroman10-regular]:mapping=tex-text;!

Underfull \hbox (badness 10000) in paragraph at lines 1459--1462

 []

Missing character: There is no ✅ in font [lmroman10-regular]:mapping=tex-text;!
Missing character: There is no ✅ in font [lmroman10-regular]:mapping=tex-text;!

Underfull \hbox (badness 10000) in paragraph at lines 1462--1464

 []

Missing character: There is no ✅ in font [lmroman10-regular]:mapping=tex-text;!
Missing character: There is no ✅ in font [lmroman10-regular]:mapping=tex-text;!
LaTeX Font Info:    Font shape `TU/lmtt/bx/n' in size <12> not available
(Font)              Font shape `TU/lmtt/b/n' tried instead on input line 1472.
[21] [22] [23] [24] [25]
LaTeX Font Info:    Font shape `TU/lmtt/bx/n' in size <14.4> not available
(Font)              Font shape `TU/lmtt/b/n' tried instead on input line 1833.
[26] [27]
chapter 3.

Underfull \hbox (badness 10000) in paragraph at lines 1967--1969

 []


Underfull \hbox (badness 10000) in paragraph at lines 1969--1971

 []

[28

]
Overfull \hbox (4410.93268pt too wide) in paragraph at lines 2009--2009
[]\TU/lmtt/m/n/10.95 %alias  %alias_magic  %autoawait  %autocall  %automagic  %
autosave  %bookmark  %cd  %clear  %cls  %code_wrap  %colors  %conda  %config  %
connect_info  %copy  %ddir  %debug  %dhist  %dirs  %doctest_mode  %echo  %ed  %
edit  %env  %gui  %hist  %history  %killbgscripts  %ldir  %less  %load  %load_e
xt  %loadpy  %logoff  %logon  %logstart  %logstate  %logstop  %ls  %lsmagic  %m
acro  %magic  %mamba  %matplotlib  %micromamba  %mkdir  %more  %notebook  %page
  %pastebin  %pdb  %pdef  %pdoc  %pfile  %pinfo  %pinfo2  %pip  %popd  %pprint 
 %precision  %prun  %psearch  %psource  %pushd  %pwd  %pycat  %pylab  %qtconsol
e  %quickref  %recall  %rehashx  %reload_ext  %ren  %rep  %rerun  %reset  %rese
t_selective  %rmdir  %run  %save  %sc  %set_env  %store  %sx  %system  %tb  %ti
me  %timeit  %unalias  %unload_ext  %uv  %who  %who_ls  %whos  %xdel  %xmode[] 

 []


Overfull \hbox (1030.6684pt too wide) in paragraph at lines 2009--2009
[]\TU/lmtt/m/n/10.95 %%!  %%HTML  %%SVG  %%bash  %%capture  %%cmd  %%code_wrap 
 %%debug  %%file  %%html  %%javascript  %%js  %%latex  %%markdown  %%perl  %%pr
un  %%pypy  %%python  %%python2  %%python3  %%ruby  %%script  %%sh  %%svg  %%sx
  %%system  %%time  %%timeit  %%writefile[] 
 []

[29] [30]
File: workflow_enhance_files/figure-pdf/cell-9-output-1.png Graphic file (type 
bmp)
<workflow_enhance_files/figure-pdf/cell-9-output-1.png>
[31] [32] [33]
Overfull \hbox (168.35605pt too wide) in paragraph at lines 2324--2324
[]\TU/lmtt/m/n/10.95 Requirement already satisfied: numpy in c:\users\lsi8012\a
ppdata\local\anaconda3\lib\site-packages (1.26.4)[] 
 []

[34] [35]
Overfull \hbox (47.63232pt too wide) in paragraph at lines 2439--2439
[][]\TU/lmtt/m/n/10.95 c:\\Users\\lsi8012\\Documents\\Courses\\FA24\\DataScienc
e_Intro_python_fa24_Sec20_21[][] 
 []

[36]
Underfull \hbox (badness 2057) in paragraph at lines 2524--2529
\TU/lmr/m/n/10.95 Python expects by default. This means you can specify file pa
ths directly, like
 []


Underfull \hbox (badness 1953) in paragraph at lines 2524--2529
\TU/lmtt/m/n/10.95 /Users/yourname/Documents/data.csv\TU/lmr/m/n/10.95 , withou
t worrying about escape characters or
 []

[37] [38]
Underfull \hbox (badness 10000) in paragraph at lines 2690--2692

 []

[39]
Underfull \hbox (badness 10000) in paragraph at lines 2704--2707

 []

Missing character: There is no ├ in font [lmmono10-regular]:!
Missing character: There is no ─ in font [lmmono10-regular]:!
Missing character: There is no ─ in font [lmmono10-regular]:!
Missing character: There is no ├ in font [lmmono10-regular]:!
Missing character: There is no ─ in font [lmmono10-regular]:!
Missing character: There is no ─ in font [lmmono10-regular]:!
Missing character: There is no ├ in font [lmmono10-regular]:!
Missing character: There is no ─ in font [lmmono10-regular]:!
Missing character: There is no ─ in font [lmmono10-regular]:!
Missing character: There is no ├ in font [lmmono10-regular]:!
Missing character: There is no ─ in font [lmmono10-regular]:!
Missing character: There is no ─ in font [lmmono10-regular]:!
Missing character: There is no ├ in font [lmmono10-regular]:!
Missing character: There is no ─ in font [lmmono10-regular]:!
Missing character: There is no ─ in font [lmmono10-regular]:!
Missing character: There is no └ in font [lmmono10-regular]:!
Missing character: There is no ─ in font [lmmono10-regular]:!
Missing character: There is no ─ in font [lmmono10-regular]:!
[40] [41]
part II.
Package scrkbase Info: You've told me to use the font selection of the element
(scrkbase)             `partprefix' that is an alias of element `partnumber'
(scrkbase)              on input line 2801.
[42

]
chapter 4.
[43

] [44] [45] [46] [47] [48] [49] [50] [51] [52] [53] [54] [55] [56] [57] [58] [5
9] [60] [61] [62] [63] [64] [65] [66] [67]
chapter 5.
[68

] [69] [70]
Overfull \hbox (191.35107pt too wide) in paragraph at lines 4562--4562
[]\TU/lmtt/m/n/10.95 [(5, 25), (6, 36), (7, 49), (8, 64), (9, 81), (10, 100), (
11, 121), (12, 144), (13, 169), (14, 196), (15, 225)][] 
 []

[71] [72] [73]
Underfull \hbox (badness 10000) in paragraph at lines 4745--4747

 []


Underfull \hbox (badness 10000) in paragraph at lines 4747--4749

 []

[74] [75]
Overfull \hbox (87.8736pt too wide) in paragraph at lines 4855--4855
[]\TU/lmtt/m/n/10.95 [{[]name[]: []Chen[], []grade[]: 78}, {[]name[]: []Alice[]
, []grade[]: 85}, {[]name[]: []Bob[], []grade[]: 92}][] 
 []

[76] [77] [78]
Overfull \hbox (1.89998pt too wide) in paragraph at lines 5128--5129
 []\TU/lmr/m/n/10.95 Function 
 []


Overfull \hbox (5.74342pt too wide) in paragraph at lines 5146--5146
 []|\TU/lmtt/m/n/10.95 sorted()| 
 []


Overfull \hbox (17.24092pt too wide) in paragraph at lines 5149--5149
 []|\TU/lmtt/m/n/10.95 reversed()| 
 []


Overfull \hbox (22.98967pt too wide) in paragraph at lines 5152--5152
 []|\TU/lmtt/m/n/10.95 enumerate()| 
 []


Overfull \hbox (63.23091pt too wide) in paragraph at lines 5165--5165
 []|\TU/lmtt/m/n/10.95 str.join(iterable)| 
 []

[79] [80]
Underfull \hbox (badness 10000) in paragraph at lines 5238--5241

 []


Underfull \hbox (badness 10000) in paragraph at lines 5247--5250

 []

[81] [82]
part III.
Package scrkbase Info: You've told me to use the font selection of the element
(scrkbase)             `partprefix' that is an alias of element `partnumber'
(scrkbase)              on input line 5335.
[83

]
chapter 6.

Overfull \hbox (185.87755pt too wide) in alignment at lines 5374--5379
 [] [] [] [] [] [] [] [] [] 
 []


Overfull \hbox (185.87755pt too wide) in alignment at lines 5379--5381
 [] [] [] [] [] [] [] [] [] 
 []


Overfull \hbox (361.31847pt too wide) in alignment at lines 5381--5392
 [] [] [] [] [] [] [] [] [] 
 []


Package longtable Warning: Column widths have changed
(longtable)                in table 6.1 on input line 5392.

[84

]
Missing character: There is no 💡 in font [lmroman10-bold]:mapping=tex-text;!
Missing character: There is no 💡 in font [lmroman10-bold]:mapping=tex-text;!
[85] [86]
Overfull \hbox (345.38261pt too wide) in alignment at lines 5547--5553
 [] [] [] [] [] [] [] [] [] [] [] [] 
 []


Overfull \hbox (345.38261pt too wide) in alignment at lines 5553--5555
 [] [] [] [] [] [] [] [] [] [] [] [] 
 []


Overfull \hbox (502.1866pt too wide) in alignment at lines 5555--5566
 [] [] [] [] [] [] [] [] [] [] [] [] 
 []


Package longtable Warning: Column widths have changed
(longtable)                in table 6.2 on input line 5566.

Missing character: There is no 💡 in font [lmroman10-regular]:mapping=tex-text;!
Missing character: There is no 💡 in font [lmroman10-regular]:mapping=tex-text;!
Missing character: There is no 📋 in font [lmmono10-regular]:!
Missing character: There is no 📋 in font [lmmono10-regular]:!
[87]
Overfull \hbox (333.38261pt too wide) in alignment at lines 5635--5642
 [] [] [] [] [] [] [] [] [] [] [] 
 []


Overfull \hbox (333.38261pt too wide) in alignment at lines 5642--5644
 [] [] [] [] [] [] [] [] [] [] [] 
 []


Overfull \hbox (484.71158pt too wide) in alignment at lines 5644--5655
 [] [] [] [] [] [] [] [] [] [] [] 
 []


Package longtable Warning: Column widths have changed
(longtable)                in table 6.3 on input line 5655.


Overfull \hbox (7.39111pt too wide) in paragraph at lines 5674--5674
[]       []\TU/lmtt/m/n/10.95 The Last Sin Eater[], []The City of Your Final De
stination[], []The Claim[],[] 
 []


Underfull \hbox (badness 10000) in paragraph at lines 5682--5685

 []

[88]
Overfull \hbox (333.38261pt too wide) in alignment at lines 5711--5718
 [] [] [] [] [] [] [] [] [] [] [] 
 []


Overfull \hbox (333.38261pt too wide) in alignment at lines 5718--5720
 [] [] [] [] [] [] [] [] [] [] [] 
 []


Overfull \hbox (484.71158pt too wide) in alignment at lines 5720--5731
 [] [] [] [] [] [] [] [] [] [] [] 
 []


Package longtable Warning: Column widths have changed
(longtable)                in table 6.4 on input line 5731.

[89]
Missing character: There is no 📝 in font [lmroman10-bold]:mapping=tex-text;!
Missing character: There is no 🔍 in font [lmroman10-bold]:mapping=tex-text;!
Missing character: There is no 🎬 in font [lmmono10-regular]:!
[90] [91]
Missing character: There is no 💡 in font [lmroman10-regular]:mapping=tex-text;!
Missing character: There is no 💡 in font [lmroman10-regular]:mapping=tex-text;!
Missing character: There is no ✅ in font [lmroman10-regular]:mapping=tex-text;!
Missing character: There is no ✅ in font [lmroman10-regular]:mapping=tex-text;!
Missing character: There is no ✅ in font [lmroman10-regular]:mapping=tex-text;!
Missing character: There is no ✅ in font [lmroman10-regular]:mapping=tex-text;!
Missing character: There is no 🔍 in font [lmmono10-regular]:!
Missing character: There is no 📊 in font [lmmono10-regular]:!
Missing character: There is no 📈 in font [lmmono10-regular]:!
[92]
Missing character: There is no 🚨 in font [lmroman10-bold]:mapping=tex-text;!
[93] [94] [95]
Overfull \hbox (13.70335pt too wide) in alignment at lines 6198--6215
 [] [] [] [] [] [] 
 []


Package longtable Warning: Column widths have changed
(longtable)                in table 6.8 on input line 6215.

Missing character: There is no 💡 in font [lmroman10-regular]:mapping=tex-text;!
Missing character: There is no 💡 in font [lmroman10-regular]:mapping=tex-text;!
[96]
Overfull \hbox (345.38261pt too wide) in alignment at lines 6259--6265
 [] [] [] [] [] [] [] [] [] [] [] [] 
 []


Overfull \hbox (345.38261pt too wide) in alignment at lines 6265--6267
 [] [] [] [] [] [] [] [] [] [] [] [] 
 []


Overfull \hbox (478.87407pt too wide) in alignment at lines 6267--6274
 [] [] [] [] [] [] [] [] [] [] [] [] 
 []


Package longtable Warning: Column widths have changed
(longtable)                in table 6.9 on input line 6274.


Overfull \hbox (345.38261pt too wide) in alignment at lines 6288--6294
 [] [] [] [] [] [] [] [] [] [] [] [] 
 []


Overfull \hbox (345.38261pt too wide) in alignment at lines 6294--6296
 [] [] [] [] [] [] [] [] [] [] [] [] 
 []


Overfull \hbox (585.49419pt too wide) in alignment at lines 6296--6305
 [] [] [] [] [] [] [] [] [] [] [] [] 
 []


Package longtable Warning: Column widths have changed
(longtable)                in table 6.10 on input line 6305.

[97]

Package longtable Warning: Column widths have changed
(longtable)                in table 6.11 on input line 6339.

[98]
Underfull \hbox (badness 10000) in paragraph at lines 6418--6421

 []

Missing character: There is no ✅ in font [lmroman10-regular]:mapping=tex-text;!
Missing character: There is no ✅ in font [lmroman10-regular]:mapping=tex-text;!
Missing character: There is no ✅ in font [lmroman10-regular]:mapping=tex-text;!
Missing character: There is no ✅ in font [lmroman10-regular]:mapping=tex-text;!
Missing character: There is no ✅ in font [lmroman10-regular]:mapping=tex-text;!
Missing character: There is no ✅ in font [lmmono10-regular]:!
Missing character: There is no ✅ in font [lmmono10-regular]:!
[99]
Missing character: There is no ✅ in font [lmmono10-regular]:!
Missing character: There is no ❌ in font [lmmono10-regular]:!
Missing character: There is no ✅ in font [lmmono10-regular]:!
[100]
Overfull \hbox (44.5806pt too wide) in paragraph at lines 6581--6582
[]|[]\TU/lmtt/m/n/10.95 cleaned_movie_data_2024.csv[]|  
 []

[101]
Missing character: There is no ✅ in font [lmmono10-regular]:!
Missing character: There is no 📊 in font [lmmono10-regular]:!
Missing character: There is no ✅ in font [lmmono10-regular]:!
Missing character: There is no 📊 in font [lmmono10-regular]:!
Missing character: There is no 📊 in font [lmmono10-regular]:!
[102]
Overfull \hbox (44.12126pt too wide) in alignment at lines 6652--6656
 [] [] [] [] [] [] [] 
 []


Package longtable Warning: Column widths have changed
(longtable)                in table 6.14 on input line 6656.

Missing character: There is no 💡 in font [lmroman10-regular]:mapping=tex-text;!
Missing character: There is no 💡 in font [lmroman10-regular]:mapping=tex-text;!
[103]
Overfull \hbox (416.69876pt too wide) in alignment at lines 6762--6768
 [] [] [] [] [] [] [] [] [] [] [] [] [] 
 []


Overfull \hbox (416.69876pt too wide) in alignment at lines 6768--6770
 [] [] [] [] [] [] [] [] [] [] [] [] [] 
 []


Overfull \hbox (573.50275pt too wide) in alignment at lines 6770--6781
 [] [] [] [] [] [] [] [] [] [] [] [] [] 
 []


Package longtable Warning: Column widths have changed
(longtable)                in table 6.16 on input line 6781.

[104]
Missing character: There is no 💡 in font [lmmono10-regular]:!
Missing character: There is no 💡 in font [lmmono10-regular]:!
Missing character: There is no ✅ in font [lmroman10-regular]:mapping=tex-text;!
Missing character: There is no ✅ in font [lmroman10-regular]:mapping=tex-text;!
[105]
Missing character: There is no ✅ in font [lmroman10-regular]:mapping=tex-text;!
Missing character: There is no ✅ in font [lmroman10-regular]:mapping=tex-text;!
Missing character: There is no ❌ in font [lmroman10-regular]:mapping=tex-text;!
Missing character: There is no ❌ in font [lmroman10-regular]:mapping=tex-text;!
Missing character: There is no 💡 in font [lmroman10-regular]:mapping=tex-text;!
Missing character: There is no 💡 in font [lmroman10-regular]:mapping=tex-text;!
Missing character: There is no 📊 in font [lmroman10-regular]:mapping=tex-text;!
Missing character: There is no 📊 in font [lmroman10-regular]:mapping=tex-text;!
Missing character: There is no 📋 in font [lmroman10-regular]:mapping=tex-text;!
Missing character: There is no 📋 in font [lmroman10-regular]:mapping=tex-text;!
Missing character: There is no 🤖 in font [lmroman10-regular]:mapping=tex-text;!
Missing character: There is no 🤖 in font [lmroman10-regular]:mapping=tex-text;!
Missing character: There is no ✅ in font [lmroman10-regular]:mapping=tex-text;!
Missing character: There is no ✅ in font [lmroman10-regular]:mapping=tex-text;!
Missing character: There is no ✅ in font [lmroman10-regular]:mapping=tex-text;!
Missing character: There is no ✅ in font [lmroman10-regular]:mapping=tex-text;!
Missing character: There is no ✅ in font [lmroman10-regular]:mapping=tex-text;!
Missing character: There is no ✅ in font [lmroman10-regular]:mapping=tex-text;!
[106]
Missing character: There is no ✅ in font [lmroman10-regular]:mapping=tex-text;!
Missing character: There is no ✅ in font [lmroman10-regular]:mapping=tex-text;!
Missing character: There is no ✅ in font [lmmono10-regular]:!
Missing character: There is no ✅ in font [lmmono10-regular]:!
Missing character: There is no ✅ in font [lmmono10-regular]:!

Overfull \hbox (656.99973pt too wide) in paragraph at lines 6991--6991
[]\TU/lmtt/m/n/10.95 Columns: [[]id[], []speaker[], []headline[], []URL[], []de
scription[], []transcript_URL[], []month_filmed[], []year_filmed[], []event[], 
[]duration[], []date_published[], []tags[], []newURL[], []date[], []views[], []
rates[]][] 
 []

[107]
Missing character: There is no ✅ in font [lmmono10-regular]:!
Missing character: There is no 📊 in font [lmmono10-regular]:!
Missing character: There is no ❌ in font [lmmono10-regular]:!
[108]
Missing character: There is no ✅ in font [lmmono10-regular]:!
Missing character: There is no ✅ in font [lmmono10-regular]:!
Missing character: There is no 📊 in font [lmmono10-regular]:!
Missing character: There is no 📊 in font [lmmono10-regular]:!

Overfull \hbox (2082.68939pt too wide) in paragraph at lines 7081--7081
[]\TU/lmtt/m/n/10.95 Keys available: [[]id[], []symbol[], []name[], []image[], 
[]current_price[], []market_cap[], []market_cap_rank[], []fully_diluted_valuati
on[], []total_volume[], []high_24h[], []low_24h[], []price_change_24h[], []pric
e_change_percentage_24h[], []market_cap_change_24h[], []market_cap_change_perce
ntage_24h[], []circulating_supply[], []total_supply[], []max_supply[], []ath[],
 []ath_change_percentage[], []ath_date[], []atl[], []atl_change_percentage[], [
]atl_date[], []roi[], []last_updated[]][] 
 []

Missing character: There is no 📊 in font [lmmono10-regular]:!
Missing character: There is no 🏆 in font [lmmono10-regular]:!
Missing character: There is no 💰 in font [lmmono10-regular]:!
Missing character: There is no 🔺 in font [lmmono10-regular]:!
Missing character: There is no 🔻 in font [lmmono10-regular]:!
Missing character: There is no ❌ in font [lmmono10-regular]:!
[109]
Missing character: There is no 📊 in font [lmmono10-regular]:!
Missing character: There is no 📊 in font [lmmono10-regular]:!
Missing character: There is no 🏆 in font [lmmono10-regular]:!
Missing character: There is no 🏆 in font [lmmono10-regular]:!

Package longtable Warning: Column widths have changed
(longtable)                in table 6.18 on input line 7151.

[110]
Missing character: There is no 💰 in font [lmmono10-regular]:!
Missing character: There is no 💰 in font [lmmono10-regular]:!
Missing character: There is no 🔺 in font [lmmono10-regular]:!
Missing character: There is no 🔺 in font [lmmono10-regular]:!
Missing character: There is no 🔻 in font [lmmono10-regular]:!
Missing character: There is no 🔻 in font [lmmono10-regular]:!
Missing character: There is no 🔻 in font [lmmono10-regular]:!
Missing character: There is no 🔻 in font [lmmono10-regular]:!
Missing character: There is no 🔻 in font [lmmono10-regular]:!
Missing character: There is no 🔻 in font [lmmono10-regular]:!
Missing character: There is no 🔻 in font [lmmono10-regular]:!
Missing character: There is no 🔻 in font [lmmono10-regular]:!
Missing character: There is no ✅ in font [lmmono10-regular]:!
Missing character: There is no ❌ in font [lmmono10-regular]:!
Missing character: There is no ❌ in font [lmmono10-regular]:!
Missing character: There is no ❌ in font [lmmono10-regular]:!
[111]
Missing character: There is no ❌ in font [lmroman10-regular]:mapping=tex-text;!
Missing character: There is no ❌ in font [lmroman10-regular]:mapping=tex-text;!
Missing character: There is no ❌ in font [lmroman10-regular]:mapping=tex-text;!
Missing character: There is no ❌ in font [lmroman10-regular]:mapping=tex-text;!

Underfull \hbox (badness 10000) in paragraph at lines 7212--7214

 []

Missing character: There is no ❌ in font [lmroman10-regular]:mapping=tex-text;!
Missing character: There is no ❌ in font [lmroman10-regular]:mapping=tex-text;!
Missing character: There is no ❌ in font [lmroman10-regular]:mapping=tex-text;!
Missing character: There is no ❌ in font [lmroman10-regular]:mapping=tex-text;!
Missing character: There is no 🌐 in font [lmmono10-regular]:!
Missing character: There is no ✅ in font [lmmono10-regular]:!
Missing character: There is no 📊 in font [lmmono10-regular]:!
Missing character: There is no 📋 in font [lmmono10-regular]:!
Missing character: There is no ❌ in font [lmmono10-regular]:!
Missing character: There is no ❌ in font [lmmono10-regular]:!
Missing character: There is no ❌ in font [lmmono10-regular]:!
Missing character: There is no ❌ in font [lmmono10-regular]:!
Missing character: There is no ❌ in font [lmmono10-regular]:!
Missing character: There is no ❌ in font [lmmono10-regular]:!
[112]
Underfull \vbox (badness 10000) detected at line 7330
 []


Underfull \vbox (badness 10000) detected at line 7330
 []

[113]
Missing character: There is no 📊 in font [lmmono10-regular]:!
Missing character: There is no ❌ in font [lmmono10-regular]:!
[114]
Missing character: There is no 🌐 in font [lmmono10-regular]:!

Overfull \hbox (108.1858pt too wide) in paragraph at lines 7385--7385
[]\TU/lmtt/m/n/10.95 🌐 Fetching data from: https://en.wikipedia.org/wiki/List_o
f_countries_by_GDP_(nominal)_per_capita[] 
 []

Missing character: There is no ✅ in font [lmmono10-regular]:!
Missing character: There is no ✅ in font [lmmono10-regular]:!
Missing character: There is no 📊 in font [lmmono10-regular]:!
Missing character: There is no 📊 in font [lmmono10-regular]:!
Missing character: There is no 📋 in font [lmmono10-regular]:!
Missing character: There is no 📋 in font [lmmono10-regular]:!
Missing character: There is no 📊 in font [lmmono10-regular]:!
Missing character: There is no 📊 in font [lmmono10-regular]:!

Overfull \hbox (156.85858pt too wide) in paragraph at lines 7385--7385
[]\TU/lmtt/m/n/10.95 Columns: [[]Country/Territory[], []IMF (2025)[a][5][], []W
orld Bank (2022–24)[6][], []United Nations (2023)[7][]][] 
 []

Missing character: There is no ✅ in font [lmmono10-regular]:!
Missing character: There is no ✅ in font [lmmono10-regular]:!
Missing character: There is no 📊 in font [lmmono10-regular]:!
Missing character: There is no 📊 in font [lmmono10-regular]:!
Missing character: There is no 📋 in font [lmmono10-regular]:!
Missing character: There is no 📋 in font [lmmono10-regular]:!
Missing character: There is no 📊 in font [lmmono10-regular]:!
Missing character: There is no 📊 in font [lmmono10-regular]:!

Overfull \hbox (156.85858pt too wide) in paragraph at lines 7385--7385
[]\TU/lmtt/m/n/10.95 Columns: [[]Country/Territory[], []IMF (2025)[a][5][], []W
orld Bank (2022–24)[6][], []United Nations (2023)[7][]][] 
 []

Missing character: There is no 📋 in font [lmmono10-regular]:!
Missing character: There is no 🔍 in font [lmmono10-regular]:!
Missing character: There is no ❌ in font [lmmono10-regular]:!
[115]
Missing character: There is no 🌐 in font [lmmono10-regular]:!

Overfull \hbox (108.1858pt too wide) in paragraph at lines 7435--7435
[]\TU/lmtt/m/n/10.95 🌐 Fetching data from: https://en.wikipedia.org/wiki/List_o
f_countries_by_GDP_(nominal)_per_capita[] 
 []

Missing character: There is no ✅ in font [lmmono10-regular]:!
Missing character: There is no ✅ in font [lmmono10-regular]:!
Missing character: There is no 📊 in font [lmmono10-regular]:!
Missing character: There is no 📊 in font [lmmono10-regular]:!
Missing character: There is no 📋 in font [lmmono10-regular]:!
Missing character: There is no 📋 in font [lmmono10-regular]:!
Missing character: There is no 📋 in font [lmmono10-regular]:!
Missing character: There is no 📋 in font [lmmono10-regular]:!

Overfull \hbox (156.85858pt too wide) in paragraph at lines 7435--7435
[]\TU/lmtt/m/n/10.95 Columns: [[]Country/Territory[], []IMF (2025)[a][5][], []W
orld Bank (2022–24)[6][], []United Nations (2023)[7][]][] 
 []

Missing character: There is no 🔍 in font [lmmono10-regular]:!
Missing character: There is no 🔍 in font [lmmono10-regular]:!
Missing character: There is no ✅ in font [lmmono10-regular]:!
Missing character: There is no ✅ in font [lmmono10-regular]:!
Missing character: There is no 📊 in font [lmmono10-regular]:!
Missing character: There is no 📊 in font [lmmono10-regular]:!
Missing character: There is no 📋 in font [lmmono10-regular]:!
Missing character: There is no 📋 in font [lmmono10-regular]:!
Missing character: There is no 📋 in font [lmmono10-regular]:!
Missing character: There is no 📋 in font [lmmono10-regular]:!

Overfull \hbox (156.85858pt too wide) in paragraph at lines 7435--7435
[]\TU/lmtt/m/n/10.95 Columns: [[]Country/Territory[], []IMF (2025)[a][5][], []W
orld Bank (2022–24)[6][], []United Nations (2023)[7][]][] 
 []

Missing character: There is no 🔍 in font [lmmono10-regular]:!
Missing character: There is no 🔍 in font [lmmono10-regular]:!

Overfull \hbox (6.67459pt too wide) in alignment at lines 7437--7442
 [] [] [] [] [] 
 []


Overfull \hbox (6.67459pt too wide) in alignment at lines 7442--7444
 [] [] [] [] [] 
 []


Overfull \hbox (12.14961pt too wide) in alignment at lines 7444--7448
 [] [] [] [] [] 
 []


Package longtable Warning: Column widths have changed
(longtable)                in table 6.19 on input line 7448.

[116] [117] [118]
chapter 7.

Underfull \hbox (badness 10000) in paragraph at lines 7569--7571

 []

[119

]
Underfull \hbox (badness 10000) in paragraph at lines 7571--7573

 []


Underfull \hbox (badness 10000) in paragraph at lines 7573--7575

 []


Underfull \hbox (badness 10000) in paragraph at lines 7575--7577

 []

Missing character: There is no 💡 in font [lmroman10-regular]:mapping=tex-text;!
Missing character: There is no 💡 in font [lmroman10-regular]:mapping=tex-text;!
[120]
Missing character: There is no 💡 in font [lmroman10-regular]:mapping=tex-text;!
Missing character: There is no 💡 in font [lmroman10-regular]:mapping=tex-text;!
[121]
Missing character: There is no 🔍 in font [lmroman10-bold]:mapping=tex-text;!
Missing character: There is no 📊 in font [lmmono10-regular]:!
[122]

Package longtable Warning: Column widths have changed
(longtable)                in table 7.3 on input line 7792.


Package longtable Warning: Column widths have changed
(longtable)                in table 7.4 on input line 7824.

[123]
Overfull \hbox (345.38261pt too wide) in alignment at lines 7858--7864
 [] [] [] [] [] [] [] [] [] [] [] [] 
 []


Overfull \hbox (345.38261pt too wide) in alignment at lines 7864--7866
 [] [] [] [] [] [] [] [] [] [] [] [] 
 []


Overfull \hbox (502.1866pt too wide) in alignment at lines 7866--7877
 [] [] [] [] [] [] [] [] [] [] [] [] 
 []


Package longtable Warning: Column widths have changed
(longtable)                in table 7.5 on input line 7877.

Missing character: There is no ✅ in font [lmroman10-regular]:mapping=tex-text;!
Missing character: There is no ✅ in font [lmroman10-regular]:mapping=tex-text;!

Underfull \hbox (badness 10000) in paragraph at lines 7892--7894

 []

[124]
Missing character: There is no ✅ in font [lmroman10-regular]:mapping=tex-text;!
Missing character: There is no ✅ in font [lmroman10-regular]:mapping=tex-text;!
Missing character: There is no ✅ in font [lmroman10-regular]:mapping=tex-text;!
Missing character: There is no ✅ in font [lmroman10-regular]:mapping=tex-text;!
Missing character: There is no ❌ in font [lmroman10-regular]:mapping=tex-text;!
Missing character: There is no ❌ in font [lmroman10-regular]:mapping=tex-text;!
Missing character: There is no ❌ in font [lmroman10-regular]:mapping=tex-text;!
Missing character: There is no ❌ in font [lmroman10-regular]:mapping=tex-text;!
Missing character: There is no ✅ in font [lmroman10-regular]:mapping=tex-text;!
Missing character: There is no ✅ in font [lmroman10-regular]:mapping=tex-text;!
Missing character: There is no 🧠 in font [lmmono10-regular]:!
[125]
Missing character: There is no 🔍 in font [lmroman10-bold]:mapping=tex-text;!
[126]

Package longtable Warning: Column widths have changed
(longtable)                in table 7.6 on input line 8031.


Overfull \hbox (345.38261pt too wide) in alignment at lines 8057--8063
 [] [] [] [] [] [] [] [] [] [] [] [] 
 []


Overfull \hbox (345.38261pt too wide) in alignment at lines 8063--8065
 [] [] [] [] [] [] [] [] [] [] [] [] 
 []


Overfull \hbox (539.51518pt too wide) in alignment at lines 8065--8088
 [] [] [] [] [] [] [] [] [] [] [] [] 
 []


Package longtable Warning: Column widths have changed
(longtable)                in table 7.7 on input line 8088.

[127]
Missing character: There is no 🚨 in font [lmroman10-bold]:mapping=tex-text;!

Overfull \hbox (345.38261pt too wide) in alignment at lines 8131--8137
 [] [] [] [] [] [] [] [] [] [] [] [] 
 []


Overfull \hbox (345.38261pt too wide) in alignment at lines 8137--8139
 [] [] [] [] [] [] [] [] [] [] [] [] 
 []


Overfull \hbox (496.94156pt too wide) in alignment at lines 8139--8144
 [] [] [] [] [] [] [] [] [] [] [] [] 
 []


Package longtable Warning: Column widths have changed
(longtable)                in table 7.9 on input line 8144.

[128]
Overfull \hbox (345.38261pt too wide) in alignment at lines 8169--8175
 [] [] [] [] [] [] [] [] [] [] [] [] 
 []


Overfull \hbox (345.38261pt too wide) in alignment at lines 8175--8177
 [] [] [] [] [] [] [] [] [] [] [] [] 
 []


Overfull \hbox (585.49419pt too wide) in alignment at lines 8177--8202
 [] [] [] [] [] [] [] [] [] [] [] [] 
 []


Package longtable Warning: Column widths have changed
(longtable)                in table 7.10 on input line 8202.


Overfull \hbox (345.38261pt too wide) in alignment at lines 8216--8222
 [] [] [] [] [] [] [] [] [] [] [] [] 
 []


Overfull \hbox (345.38261pt too wide) in alignment at lines 8222--8224
 [] [] [] [] [] [] [] [] [] [] [] [] 
 []


Overfull \hbox (585.49419pt too wide) in alignment at lines 8224--8249
 [] [] [] [] [] [] [] [] [] [] [] [] 
 []


Package longtable Warning: Column widths have changed
(longtable)                in table 7.11 on input line 8249.

[129]
Missing character: There is no 💡 in font [lmroman10-regular]:mapping=tex-text;!
Missing character: There is no 💡 in font [lmroman10-regular]:mapping=tex-text;!

Overfull \hbox (345.38261pt too wide) in alignment at lines 8327--8333
 [] [] [] [] [] [] [] [] [] [] [] [] 
 []


Overfull \hbox (345.38261pt too wide) in alignment at lines 8333--8335
 [] [] [] [] [] [] [] [] [] [] [] [] 
 []


Overfull \hbox (573.14261pt too wide) in alignment at lines 8335--8349
 [] [] [] [] [] [] [] [] [] [] [] [] 
 []


Package longtable Warning: Column widths have changed
(longtable)                in table 7.13 on input line 8349.

[130]
Missing character: There is no 📍 in font [lmmono10-regular]:!
Missing character: There is no 🎬 in font [lmmono10-regular]:!
Missing character: There is no 🎬 in font [lmmono10-regular]:!

Overfull \hbox (61.0621pt too wide) in alignment at lines 8396--8401
 [] [] [] [] [] [] 
 []


Package longtable Warning: Column widths have changed
(longtable)                in table 7.14 on input line 8401.

Missing character: There is no 📊 in font [lmmono10-regular]:!

Overfull \hbox (13.23367pt too wide) in alignment at lines 8427--8439
 [] [] [] [] [] 
 []

[131]

Package longtable Warning: Column widths have changed
(longtable)                in table 7.15 on input line 8439.

Missing character: There is no 📏 in font [lmmono10-regular]:!

Package longtable Warning: Column widths have changed
(longtable)                in table 7.16 on input line 8466.

[132]

Package longtable Warning: Column widths have changed
(longtable)                in table 7.17 on input line 8494.


Package longtable Warning: Column widths have changed
(longtable)                in table 7.18 on input line 8532.

Missing character: There is no 💡 in font [lmroman10-bold]:mapping=tex-text;!

Overfull \hbox (345.38261pt too wide) in alignment at lines 8555--8561
 [] [] [] [] [] [] [] [] [] [] [] [] 
 []


Overfull \hbox (345.38261pt too wide) in alignment at lines 8561--8563
 [] [] [] [] [] [] [] [] [] [] [] [] 
 []


Overfull \hbox (573.14261pt too wide) in alignment at lines 8563--8577
 [] [] [] [] [] [] [] [] [] [] [] [] 
 []


Package longtable Warning: Column widths have changed
(longtable)                in table 7.19 on input line 8577.

[133]
Missing character: There is no 🏆 in font [lmmono10-regular]:!

Overfull \hbox (345.38261pt too wide) in alignment at lines 8597--8603
 [] [] [] [] [] [] [] [] [] [] [] [] 
 []


Overfull \hbox (345.38261pt too wide) in alignment at lines 8603--8605
 [] [] [] [] [] [] [] [] [] [] [] [] 
 []


Overfull \hbox (560.5063pt too wide) in alignment at lines 8605--8611
 [] [] [] [] [] [] [] [] [] [] [] [] 
 []


Package longtable Warning: Column widths have changed
(longtable)                in table 7.20 on input line 8611.

Missing character: There is no 🔍 in font [lmmono10-regular]:!

Overfull \hbox (345.38261pt too wide) in alignment at lines 8632--8638
 [] [] [] [] [] [] [] [] [] [] [] [] 
 []


Overfull \hbox (345.38261pt too wide) in alignment at lines 8638--8640
 [] [] [] [] [] [] [] [] [] [] [] [] 
 []


Overfull \hbox (542.66875pt too wide) in alignment at lines 8640--8664
 [] [] [] [] [] [] [] [] [] [] [] [] 
 []


Package longtable Warning: Column widths have changed
(longtable)                in table 7.21 on input line 8664.

[134]
Missing character: There is no 🎯 in font [lmmono10-regular]:!
Missing character: There is no 📋 in font [lmmono10-regular]:!
Missing character: There is no 📋 in font [lmmono10-regular]:!

Overfull \hbox (107.69928pt too wide) in alignment at lines 8689--8703
 [] [] [] [] [] 
 []


Package longtable Warning: Column widths have changed
(longtable)                in table 7.22 on input line 8703.

Missing character: There is no 🤔 in font [lmroman10-regular]:mapping=tex-text;!

Underfull \hbox (badness 1383) in paragraph at lines 8705--8708
[]\TU/lmr/m/n/10.95 🤔 \TU/lmr/bx/n/10.95 Critical Thinking Question\TU/lmr/m/n/
10.95 : Can you use \TU/lmtt/m/n/10.95 .iloc \TU/lmr/m/n/10.95 for conditional 
filtering (like
 []

Missing character: There is no ❌ in font [lmroman10-regular]:mapping=tex-text;!
Missing character: There is no 🏷 in font [lmroman10-regular]:mapping=tex-text;!
Missing character: There is no ️ in font [lmroman10-regular]:mapping=tex-text;!
Missing character: There is no 🔢 in font [lmroman10-regular]:mapping=tex-text;!
Missing character: There is no ✅ in font [lmroman10-regular]:mapping=tex-text;!
Missing character: There is no ❌ in font [lmroman10-regular]:mapping=tex-text;!
[135]
Missing character: There is no 📉 in font [lmroman10-regular]:mapping=tex-text;!
Missing character: There is no 📈 in font [lmroman10-regular]:mapping=tex-text;!

Package longtable Warning: Column widths have changed
(longtable)                in table 7.24 on input line 8775.

Missing character: There is no 🏷 in font [lmroman10-regular]:mapping=tex-text;!
Missing character: There is no ️ in font [lmroman10-regular]:mapping=tex-text;!
Missing character: There is no 🏷 in font [lmroman10-regular]:mapping=tex-text;!
Missing character: There is no ️ in font [lmroman10-regular]:mapping=tex-text;!
Missing character: There is no 💡 in font [lmroman10-bold]:mapping=tex-text;!

Underfull \hbox (badness 10000) in paragraph at lines 8829--8832

 []

[136]
Missing character: There is no 🎯 in font [lmmono10-regular]:!
Missing character: There is no 🏆 in font [lmmono10-regular]:!
Missing character: There is no 📉 in font [lmmono10-regular]:!
Missing character: There is no 🔍 in font [lmmono10-regular]:!
Missing character: There is no 🏆 in font [lmmono10-regular]:!
Missing character: There is no 📉 in font [lmmono10-regular]:!
Missing character: There is no 📉 in font [lmmono10-regular]:!
Missing character: There is no 💰 in font [lmmono10-regular]:!
Missing character: There is no 📍 in font [lmroman10-regular]:mapping=tex-text;!
Missing character: There is no 📍 in font [lmroman10-regular]:mapping=tex-text;!
[137]
Missing character: There is no 🎯 in font [lmmono10-regular]:!
Missing character: There is no 🏆 in font [lmmono10-regular]:!
Missing character: There is no 📉 in font [lmmono10-regular]:!
Missing character: There is no 🔍 in font [lmmono10-regular]:!
Missing character: There is no 💰 in font [lmmono10-regular]:!
Missing character: There is no 💸 in font [lmmono10-regular]:!
Missing character: There is no 🎬 in font [lmmono10-regular]:!
Missing character: There is no 🎭 in font [lmmono10-regular]:!
Missing character: There is no 🏆 in font [lmmono10-regular]:!
Missing character: There is no 📉 in font [lmmono10-regular]:!
Missing character: There is no 📉 in font [lmmono10-regular]:!
Missing character: There is no 💰 in font [lmmono10-regular]:!
Missing character: There is no 💰 in font [lmmono10-regular]:!
Missing character: There is no 💸 in font [lmmono10-regular]:!
Missing character: There is no 💸 in font [lmmono10-regular]:!
Missing character: There is no 🎭 in font [lmmono10-regular]:!
Missing character: There is no 🎭 in font [lmmono10-regular]:!
[138]
Missing character: There is no 🧠 in font [lmroman10-bold]:mapping=tex-text;!

Package longtable Warning: Column widths have changed
(longtable)                in table 7.28 on input line 9031.

Missing character: There is no 🎬 in font [lmmono10-regular]:!
Missing character: There is no 🔥 in font [lmmono10-regular]:!
Missing character: There is no 🏆 in font [lmmono10-regular]:!
Missing character: There is no 🌟 in font [lmmono10-regular]:!
[139]
Missing character: There is no 🔥 in font [lmmono10-regular]:!
Missing character: There is no 🌟 in font [lmmono10-regular]:!
Missing character: There is no 🌟 in font [lmmono10-regular]:!

Overfull \hbox (345.38261pt too wide) in alignment at lines 9083--9089
 [] [] [] [] [] [] [] [] [] [] [] [] 
 []


Overfull \hbox (345.38261pt too wide) in alignment at lines 9089--9091
 [] [] [] [] [] [] [] [] [] [] [] [] 
 []


Overfull \hbox (585.49419pt too wide) in alignment at lines 9091--9116
 [] [] [] [] [] [] [] [] [] [] [] [] 
 []


Package longtable Warning: Column widths have changed
(longtable)                in table 7.29 on input line 9116.

[140]
Missing character: There is no 🎯 in font [lmmono10-regular]:!
Missing character: There is no 💡 in font [lmmono10-regular]:!
Missing character: There is no 🏷 in font [lmmono10-regular]:!
Missing character: There is no ️ in font [lmmono10-regular]:!
Missing character: There is no 🏷 in font [lmmono10-regular]:!
Missing character: There is no ️ in font [lmmono10-regular]:!
Missing character: There is no 🏷 in font [lmmono10-regular]:!
Missing character: There is no ️ in font [lmmono10-regular]:!
Missing character: There is no 🏷 in font [lmmono10-regular]:!
Missing character: There is no ️ in font [lmmono10-regular]:!

Overfull \hbox (136.92958pt too wide) in paragraph at lines 9141--9141
[]\TU/lmtt/m/n/10.95 🏷️ Genres: [[]Action/Adventure[], []Comedy[], []Documentar
y[], []Drama[], []Horror/Thriller[], []Western/Musical[]][] 
 []


Overfull \hbox (8.96434pt too wide) in alignment at lines 9149--9166
 [] [] [] [] 
 []


Package longtable Warning: Column widths have changed
(longtable)                in table 7.30 on input line 9166.

[141]

Package longtable Warning: Column widths have changed
(longtable)                in table 7.31 on input line 9190.

Missing character: There is no 💡 in font [lmroman10-bold]:mapping=tex-text;!
Missing character: There is no 🏆 in font [lmmono10-regular]:!
Missing character: There is no 💰 in font [lmmono10-regular]:!
Missing character: There is no 🎯 in font [lmmono10-regular]:!
Missing character: There is no 🌟 in font [lmmono10-regular]:!
Missing character: There is no 💎 in font [lmmono10-regular]:!
Missing character: There is no 🎭 in font [lmmono10-regular]:!
Missing character: There is no 🌟 in font [lmmono10-regular]:!

Overfull \hbox (151.10983pt too wide) in paragraph at lines 9245--9245
[]                                            \TU/lmtt/m/n/10.95 Title  IMDB Ra
ting  Rating_Rank  Worldwide Gross  Gross_Rank[] 
 []


Overfull \hbox (151.10983pt too wide) in paragraph at lines 9245--9245
[]                         \TU/lmtt/m/n/10.95 The Shawshank Redemption         
 9.2          1.0         28241469      1339.0[] 
 []


Overfull \hbox (151.10983pt too wide) in paragraph at lines 9245--9245
[]                                        \TU/lmtt/m/n/10.95 Inception         
 9.1          2.0        753830280        33.0[] 
 []


Overfull \hbox (151.10983pt too wide) in paragraph at lines 9245--9245
[]                                  \TU/lmtt/m/n/10.95 The Dark Knight         
 8.9          3.0       1022345358         7.0[] 
 []

[142]
Overfull \hbox (151.10983pt too wide) in paragraph at lines 9245--9245
[]                                 \TU/lmtt/m/n/10.95 Schindler[]s List        
  8.9          3.0        321200000       167.0[] 
 []


Overfull \hbox (151.10983pt too wide) in paragraph at lines 9245--9245
[]                                     \TU/lmtt/m/n/10.95 Pulp Fiction         
 8.9          3.0        212928762       299.0[] 
 []


Overfull \hbox (151.10983pt too wide) in paragraph at lines 9245--9245
[]                                      \TU/lmtt/m/n/10.95 Toy Story 3         
 8.9          3.0       1046340665         5.0[] 
 []


Overfull \hbox (151.10983pt too wide) in paragraph at lines 9245--9245
[]                                   \TU/lmtt/m/n/10.95 Cidade de Deus         
 8.8          7.0         28763397      1328.0[] 
 []


Overfull \hbox (151.10983pt too wide) in paragraph at lines 9245--9245
[]                                       \TU/lmtt/m/n/10.95 Fight Club         
 8.8          7.0        100853753       647.0[] 
 []


Overfull \hbox (151.10983pt too wide) in paragraph at lines 9245--9245
[]\TU/lmtt/m/n/10.95 The Lord of the Rings: The Fellowship of the Ring         
 8.8          7.0        868621686        19.0[] 
 []


Overfull \hbox (151.10983pt too wide) in paragraph at lines 9245--9245
[]    \TU/lmtt/m/n/10.95 The Lord of the Rings: The Return of the King         
 8.8          7.0       1133027325         3.0[] 
 []

Missing character: There is no 🎭 in font [lmmono10-regular]:!
Missing character: There is no 🎭 in font [lmmono10-regular]:!

Overfull \hbox (64.8786pt too wide) in paragraph at lines 9245--9245
[]                             \TU/lmtt/m/n/10.95 Title  IMDB Rating  Rating_Ra
nk  Worldwide Gross  Gross_Rank[] 
 []


Overfull \hbox (64.8786pt too wide) in paragraph at lines 9245--9245
[]                       \TU/lmtt/m/n/10.95 Opal Dreams          6.5        994
.0            14443      2223.0[] 
 []


Overfull \hbox (64.8786pt too wide) in paragraph at lines 9245--9245
[]                      \TU/lmtt/m/n/10.95 Major Dundee          6.7        828
.0            14873      2222.0[] 
 []


Overfull \hbox (64.8786pt too wide) in paragraph at lines 9245--9245
[]                     \TU/lmtt/m/n/10.95 The Informers          5.2       1808
.0           315000      2179.0[] 
 []


Overfull \hbox (64.8786pt too wide) in paragraph at lines 9245--9245
[]                  \TU/lmtt/m/n/10.95 Buffalo Soldiers          6.9        665
.0           353743      2176.0[] 
 []


Overfull \hbox (64.8786pt too wide) in paragraph at lines 9245--9245
[]                \TU/lmtt/m/n/10.95 The Last Sin Eater          5.7       1535
.0           388390      2172.0[] 
 []


Overfull \hbox (64.8786pt too wide) in paragraph at lines 9245--9245
[]\TU/lmtt/m/n/10.95 The City of Your Final Destination          6.6        914
.0           493296      2165.0[] 
 []


Overfull \hbox (64.8786pt too wide) in paragraph at lines 9245--9245
[]                         \TU/lmtt/m/n/10.95 The Claim          6.5        994
.0           622023      2154.0[] 
 []


Overfull \hbox (64.8786pt too wide) in paragraph at lines 9245--9245
[]                     \TU/lmtt/m/n/10.95 Texas Rangers          5.0       1873
.0           623374      2152.0[] 
 []


Overfull \hbox (64.8786pt too wide) in paragraph at lines 9245--9245
[]               \TU/lmtt/m/n/10.95 Ride With the Devil          6.4       1058
.0           630779      2149.0[] 
 []


Overfull \hbox (64.8786pt too wide) in paragraph at lines 9245--9245
[]                          \TU/lmtt/m/n/10.95 Karakter          7.8        167
.0           713413      2142.0[] 
 []

Missing character: There is no 📊 in font [lmmono10-regular]:!
Missing character: There is no 🎯 in font [lmmono10-regular]:!
Missing character: There is no 📈 in font [lmmono10-regular]:!
Missing character: There is no 🏆 in font [lmmono10-regular]:!
Missing character: There is no 🤔 in font [lmmono10-regular]:!
Missing character: There is no 🎭 in font [lmmono10-regular]:!
Missing character: There is no 📊 in font [lmmono10-regular]:!
[143]
Missing character: There is no 📈 in font [lmmono10-regular]:!
Missing character: There is no 🏆 in font [lmmono10-regular]:!
Missing character: There is no 🏆 in font [lmmono10-regular]:!

Overfull \hbox (248.83856pt too wide) in paragraph at lines 9360--9360
[]                                                 \TU/lmtt/m/n/10.95 Title  IM
DB Rating  Rating_Percentile  Worldwide Gross  Gross_Percentile[] 
 []


Overfull \hbox (248.83856pt too wide) in paragraph at lines 9360--9360
[]                                        \TU/lmtt/m/n/10.95 The Green Mile    
      8.4               98.3        286601374              90.8[] 
 []


Overfull \hbox (248.83856pt too wide) in paragraph at lines 9360--9360
[]                                        \TU/lmtt/m/n/10.95 Shutter Island    
      8.0               94.8        294512934              91.3[] 
 []


Overfull \hbox (248.83856pt too wide) in paragraph at lines 9360--9360
[]                   \TU/lmtt/m/n/10.95 The Curious Case of Benjamin Button    
      8.0               94.8        329809326              92.8[] 
 []


Overfull \hbox (248.83856pt too wide) in paragraph at lines 9360--9360
[]                                       \TU/lmtt/m/n/10.95 Jurassic Park 3    
      7.9               93.3        365900000              94.3[] 
 []


Overfull \hbox (248.83856pt too wide) in paragraph at lines 9360--9360
[]                                    \TU/lmtt/m/n/10.95 Gone with the Wind    
      8.2               96.9        390525192              95.1[] 
 []


Overfull \hbox (248.83856pt too wide) in paragraph at lines 9360--9360
[]                                          \TU/lmtt/m/n/10.95 The Exorcist    
      8.1               96.1        402500000              95.3[] 
 []


Overfull \hbox (248.83856pt too wide) in paragraph at lines 9360--9360
[]                                  \TU/lmtt/m/n/10.95 The Bourne Ultimatum    
      8.2               96.9        442161562              96.0[] 
 []


Overfull \hbox (248.83856pt too wide) in paragraph at lines 9360--9360
[]                                                  \TU/lmtt/m/n/10.95 Jaws    
      8.3               97.7        470700000              96.5[] 
 []


Overfull \hbox (248.83856pt too wide) in paragraph at lines 9360--9360
[]                                                 \TU/lmtt/m/n/10.95 Shrek    
      8.0               94.8        484399218              96.8[] 
 []


Overfull \hbox (248.83856pt too wide) in paragraph at lines 9360--9360
[]                              \TU/lmtt/m/n/10.95 How to Train Your Dragon    
      8.2               96.9        491581231              96.9[] 
 []


Overfull \hbox (248.83856pt too wide) in paragraph at lines 9360--9360
[]                                         \TU/lmtt/m/n/10.95 Casino Royale    
      8.0               94.8        596365000              97.9[] 
 []


Overfull \hbox (248.83856pt too wide) in paragraph at lines 9360--9360
[]                                          \TU/lmtt/m/n/10.95 Forrest Gump    
      8.6               99.1        679400525              98.3[] 
 []


Overfull \hbox (248.83856pt too wide) in paragraph at lines 9360--9360
[]     \TU/lmtt/m/n/10.95 The Lord of the Rings: The Fellowship of the Ring    
      8.8               99.6        868621686              99.2[] 
 []


Overfull \hbox (248.83856pt too wide) in paragraph at lines 9360--9360
[]                                         \TU/lmtt/m/n/10.95 Jurassic Park    
      7.9               93.3        923067947              99.5[] 
 []


Overfull \hbox (248.83856pt too wide) in paragraph at lines 9360--9360
[]                 \TU/lmtt/m/n/10.95 The Lord of the Rings: The Two Towers    
      8.7               99.4        926284377              99.5[] 
 []

[144]
Overfull \hbox (248.83856pt too wide) in paragraph at lines 9360--9360
[]         \TU/lmtt/m/n/10.95 The Lord of the Rings: The Return of the King    
      8.8               99.6       1133027325              99.9[] 
 []


Overfull \hbox (248.83856pt too wide) in paragraph at lines 9360--9360
[]                                         \TU/lmtt/m/n/10.95 Batman Begins    
      8.3               97.7        372353017              94.6[] 
 []


Overfull \hbox (248.83856pt too wide) in paragraph at lines 9360--9360
[]                                                    \TU/lmtt/m/n/10.95 X2    
      7.8               91.5        407711549              95.4[] 
 []


Overfull \hbox (248.83856pt too wide) in paragraph at lines 9360--9360
[]                                                   \TU/lmtt/m/n/10.95 300    
      7.8               91.5        456068181              96.2[] 
 []


Overfull \hbox (248.83856pt too wide) in paragraph at lines 9360--9360
[]                                              \TU/lmtt/m/n/10.95 Iron Man    
      7.9               93.3        582604126              97.7[] 
 []


Overfull \hbox (248.83856pt too wide) in paragraph at lines 9360--9360
[]                                       \TU/lmtt/m/n/10.95 The Dark Knight    
      8.9               99.8       1022345358              99.7[] 
 []


Overfull \hbox (248.83856pt too wide) in paragraph at lines 9360--9360
[]                                      \TU/lmtt/m/n/10.95 A Beautiful Mind    
      8.0               94.8        316708996              92.4[] 
 []


Overfull \hbox (248.83856pt too wide) in paragraph at lines 9360--9360
[]                              \TU/lmtt/m/n/10.95 The Pursuit of Happyness    
      7.8               91.5        306086036              91.9[] 
 []


Overfull \hbox (248.83856pt too wide) in paragraph at lines 9360--9360
[]                                      \TU/lmtt/m/n/10.95 Schindler[]s List   
       8.9               99.8        321200000              92.5[] 
 []


Overfull \hbox (248.83856pt too wide) in paragraph at lines 9360--9360
[]                                          \TU/lmtt/m/n/10.95 The Fugitive    
      7.8               91.5        368900000              94.5[] 
 []


Overfull \hbox (248.83856pt too wide) in paragraph at lines 9360--9360
[]                                             \TU/lmtt/m/n/10.95 Star Trek    
      8.2               96.9        385680447              94.9[] 
 []


Overfull \hbox (248.83856pt too wide) in paragraph at lines 9360--9360
[]\TU/lmtt/m/n/10.95 Pirates of the Caribbean: The Curse of the Black Pearl    
      8.0               94.8        655011224              98.2[] 
 []


Overfull \hbox (248.83856pt too wide) in paragraph at lines 9360--9360
[]                                    \TU/lmtt/m/n/10.95 As Good as it Gets    
      7.8               91.5        314111923              92.2[] 
 []


Overfull \hbox (248.83856pt too wide) in paragraph at lines 9360--9360
[]                                  \TU/lmtt/m/n/10.95 Inglourious Basterds    
      8.4               98.3        320389438              92.5[] 
 []


Overfull \hbox (248.83856pt too wide) in paragraph at lines 9360--9360
[]                                                 \TU/lmtt/m/n/10.95 Se7en    
      8.7               99.4        328125643              92.7[] 
 []


Overfull \hbox (248.83856pt too wide) in paragraph at lines 9360--9360
[]                                       \TU/lmtt/m/n/10.95 American Beauty    
      8.6               99.1        356258047              93.6[] 
 []


Overfull \hbox (248.83856pt too wide) in paragraph at lines 9360--9360
[]                                             \TU/lmtt/m/n/10.95 Toy Story    
      8.2               96.9        361948825              94.0[] 
 []


Overfull \hbox (248.83856pt too wide) in paragraph at lines 9360--9360
[]                                   \TU/lmtt/m/n/10.95 Slumdog Millionaire    
      8.3               97.7        365257315              94.3[] 
 []


Overfull \hbox (248.83856pt too wide) in paragraph at lines 9360--9360
[]                               \TU/lmtt/m/n/10.95 Raiders of the Lost Ark    
      8.7               99.4        386800358              95.0[] 
 []


Overfull \hbox (248.83856pt too wide) in paragraph at lines 9360--9360
[]                                      \TU/lmtt/m/n/10.95 The Last Samurai    
      7.8               91.5        456810575              96.3[] 
 []


Overfull \hbox (248.83856pt too wide) in paragraph at lines 9360--9360
[]                                             \TU/lmtt/m/n/10.95 Gladiator    
      8.3               97.7        457683805              96.3[] 
 []


Overfull \hbox (248.83856pt too wide) in paragraph at lines 9360--9360
[]                                            \TU/lmtt/m/n/10.95 The Matrix    
      8.7               99.4        460279930              96.4[] 
 []


Overfull \hbox (248.83856pt too wide) in paragraph at lines 9360--9360
[]                                          \TU/lmtt/m/n/10.95 The Hangover    
      7.9               93.3        465132119              96.5[] 
 []


Overfull \hbox (248.83856pt too wide) in paragraph at lines 9360--9360
[]                                   \TU/lmtt/m/n/10.95 Saving Private Ryan    
      8.5               98.8        481635085              96.7[] 
 []


Overfull \hbox (248.83856pt too wide) in paragraph at lines 9360--9360
[]                                           \TU/lmtt/m/n/10.95 Toy Story 2    
      8.0               94.8        484966906              96.8[] 
 []


Overfull \hbox (248.83856pt too wide) in paragraph at lines 9360--9360
[]                                               \TU/lmtt/m/n/10.95 Aladdin    
      7.8               91.5        504050219              97.1[] 
 []


Overfull \hbox (248.83856pt too wide) in paragraph at lines 9360--9360
[]                            \TU/lmtt/m/n/10.95 Terminator 2: Judgment Day    
      8.5               98.8        516816151              97.2[] 
 []


Overfull \hbox (248.83856pt too wide) in paragraph at lines 9360--9360
[]                                                \TU/lmtt/m/n/10.95 WALL-E    
      8.5               98.8        532743103              97.4[] 
 []


Overfull \hbox (248.83856pt too wide) in paragraph at lines 9360--9360
[]                                           \TU/lmtt/m/n/10.95 Ratatouille    
      8.1               96.1        620495432              98.0[] 
 []


Overfull \hbox (248.83856pt too wide) in paragraph at lines 9360--9360
[]                                       \TU/lmtt/m/n/10.95 The Incredibles    
      8.1               96.1        632882184              98.2[] 
 []


Overfull \hbox (248.83856pt too wide) in paragraph at lines 9360--9360
[]                                       \TU/lmtt/m/n/10.95 The Sixth Sense    
      8.2               96.9        672806292              98.3[] 
 []


Overfull \hbox (248.83856pt too wide) in paragraph at lines 9360--9360
[]                                                    \TU/lmtt/m/n/10.95 Up    
      8.4               98.3        731304609              98.5[] 
 []


Overfull \hbox (248.83856pt too wide) in paragraph at lines 9360--9360
[]                                             \TU/lmtt/m/n/10.95 Inception    
      9.1              100.0        753830280              98.6[] 
 []


Overfull \hbox (248.83856pt too wide) in paragraph at lines 9360--9360
[]                                         \TU/lmtt/m/n/10.95 The Lion King    
      8.2               96.9        783839505              98.7[] 
 []


Overfull \hbox (248.83856pt too wide) in paragraph at lines 9360--9360
[]                             \TU/lmtt/m/n/10.95 ET: The Extra-Terrestrial    
      7.9               93.3        792910554              98.9[] 
 []


Overfull \hbox (248.83856pt too wide) in paragraph at lines 9360--9360
[]                                          \TU/lmtt/m/n/10.95 Finding Nemo    
      8.2               96.9        867894287              99.1[] 
 []


Overfull \hbox (248.83856pt too wide) in paragraph at lines 9360--9360
[]                                           \TU/lmtt/m/n/10.95 Toy Story 3    
      8.9               99.8       1046340665              99.8[] 
 []


Overfull \hbox (248.83856pt too wide) in paragraph at lines 9360--9360
[]                                                \TU/lmtt/m/n/10.95 Avatar    
      8.3               97.7       2767891499             100.0[] 
 []


Overfull \hbox (248.83856pt too wide) in paragraph at lines 9360--9360
[]                                          \TU/lmtt/m/n/10.95 The Departed    
      8.5               98.8        290539042              91.2[] 
 []

Missing character: There is no 📊 in font [lmmono10-regular]:!
Missing character: There is no 📊 in font [lmmono10-regular]:!

Overfull \hbox (41.8836pt too wide) in paragraph at lines 9360--9360
[]             \TU/lmtt/m/n/10.95 Title  IMDB Rating  Rating_Percentile  Worldw
ide Gross  Gross_Percentile[] 
 []


Overfull \hbox (41.8836pt too wide) in paragraph at lines 9360--9360
[]       \TU/lmtt/m/n/10.95 Opal Dreams          6.5               54.0        
    14443               0.3[] 
 []

[145]
Overfull \hbox (41.8836pt too wide) in paragraph at lines 9360--9360
[]      \TU/lmtt/m/n/10.95 Major Dundee          6.7               61.0        
    14873               0.3[] 
 []


Overfull \hbox (41.8836pt too wide) in paragraph at lines 9360--9360
[]     \TU/lmtt/m/n/10.95 The Informers          5.2               18.2        
   315000               2.2[] 
 []


Overfull \hbox (41.8836pt too wide) in paragraph at lines 9360--9360
[]  \TU/lmtt/m/n/10.95 Buffalo Soldiers          6.9               68.4        
   353743               2.4[] 
 []


Overfull \hbox (41.8836pt too wide) in paragraph at lines 9360--9360
[]\TU/lmtt/m/n/10.95 The Last Sin Eater          5.7               29.9        
   388390               2.6[] 
 []

Missing character: There is no 🎬 in font [lmmono10-regular]:!
Missing character: There is no 📏 in font [lmmono10-regular]:!
Missing character: There is no 📖 in font [lmmono10-regular]:!
Missing character: There is no ⭐ in font [lmmono10-regular]:!
Missing character: There is no 🎭 in font [lmmono10-regular]:!
Missing character: There is no 📊 in font [lmmono10-regular]:!
Missing character: There is no 🎯 in font [lmmono10-regular]:!
Missing character: There is no 📏 in font [lmmono10-regular]:!
Missing character: There is no 📖 in font [lmmono10-regular]:!
Missing character: There is no 📖 in font [lmmono10-regular]:!
Missing character: There is no ⭐ in font [lmmono10-regular]:!
[146]
Missing character: There is no 📖 in font [lmmono10-regular]:!
Missing character: There is no 📖 in font [lmmono10-regular]:!
Missing character: There is no ⭐ in font [lmmono10-regular]:!
Missing character: There is no 📖 in font [lmmono10-regular]:!
Missing character: There is no 📖 in font [lmmono10-regular]:!
Missing character: There is no ⭐ in font [lmmono10-regular]:!
Missing character: There is no 📖 in font [lmmono10-regular]:!
Missing character: There is no 📖 in font [lmmono10-regular]:!
Missing character: There is no ⭐ in font [lmmono10-regular]:!
Missing character: There is no 📖 in font [lmmono10-regular]:!
Missing character: There is no 📖 in font [lmmono10-regular]:!
Missing character: There is no ⭐ in font [lmmono10-regular]:!
Missing character: There is no 📖 in font [lmmono10-regular]:!
Missing character: There is no 📖 in font [lmmono10-regular]:!
Missing character: There is no ⭐ in font [lmmono10-regular]:!
Missing character: There is no 📖 in font [lmmono10-regular]:!
Missing character: There is no 📖 in font [lmmono10-regular]:!
Missing character: There is no ⭐ in font [lmmono10-regular]:!
Missing character: There is no 📖 in font [lmmono10-regular]:!
Missing character: There is no 📖 in font [lmmono10-regular]:!
Missing character: There is no ⭐ in font [lmmono10-regular]:!
Missing character: There is no 📊 in font [lmmono10-regular]:!
Missing character: There is no 📊 in font [lmmono10-regular]:!
Missing character: There is no 🎯 in font [lmmono10-regular]:!
Missing character: There is no 🎯 in font [lmmono10-regular]:!
Missing character: There is no 🎯 in font [lmmono10-regular]:!
Missing character: There is no 🎯 in font [lmmono10-regular]:!
Missing character: There is no 🎯 in font [lmmono10-regular]:!
Missing character: There is no 🎯 in font [lmmono10-regular]:!
Missing character: There is no 🎯 in font [lmmono10-regular]:!
Missing character: There is no 🎯 in font [lmmono10-regular]:!
Missing character: There is no 🎯 in font [lmmono10-regular]:!
Missing character: There is no 🎯 in font [lmmono10-regular]:!
Missing character: There is no 📋 in font [lmmono10-regular]:!
Missing character: There is no 🔍 in font [lmmono10-regular]:!
Missing character: There is no 🔄 in font [lmmono10-regular]:!
Missing character: There is no 📊 in font [lmmono10-regular]:!
Missing character: There is no 🔽 in font [lmmono10-regular]:!
Missing character: There is no 📊 in font [lmmono10-regular]:!
Missing character: There is no 🏷 in font [lmmono10-regular]:!
Missing character: There is no ️ in font [lmmono10-regular]:!
Missing character: There is no 📝 in font [lmmono10-regular]:!
Missing character: There is no 🔤 in font [lmmono10-regular]:!
[147]
Missing character: There is no 🔍 in font [lmmono10-regular]:!
Missing character: There is no 📊 in font [lmmono10-regular]:!
Missing character: There is no 📊 in font [lmmono10-regular]:!
Missing character: There is no 📊 in font [lmmono10-regular]:!
Missing character: There is no 📊 in font [lmmono10-regular]:!
Missing character: There is no 📝 in font [lmmono10-regular]:!
Missing character: There is no 📝 in font [lmmono10-regular]:!

Overfull \hbox (944.43716pt too wide) in paragraph at lines 9474--9474
[]\TU/lmtt/m/n/10.95 Columns: [[]Title[], []US Gross[], []Worldwide Gross[], []
Production Budget[], []Release Date[], []MPAA Rating[], []Source[], []Major Gen
re[], []Creative Type[], []IMDB Rating[], []IMDB Votes[], []Rating_Rank[], []Gr
oss_Rank[], []Rating_Percentile[], []Gross_Percentile[]][] 
 []

Missing character: There is no 🔤 in font [lmmono10-regular]:!
Missing character: There is no 🔤 in font [lmmono10-regular]:!

Overfull \hbox (944.43716pt too wide) in paragraph at lines 9474--9474
[]\TU/lmtt/m/n/10.95 Columns: [[]Creative Type[], []Gross_Percentile[], []Gross
_Rank[], []IMDB Rating[], []IMDB Votes[], []MPAA Rating[], []Major Genre[], []P
roduction Budget[], []Rating_Percentile[], []Rating_Rank[], []Release Date[], [
]Source[], []Title[], []US Gross[], []Worldwide Gross[]][] 
 []


Underfull \hbox (badness 10000) in paragraph at lines 9485--9488

 []

Missing character: There is no 🏆 in font [lmmono10-regular]:!
Missing character: There is no 💰 in font [lmmono10-regular]:!
Missing character: There is no 💎 in font [lmmono10-regular]:!
Missing character: There is no ⭐ in font [lmmono10-regular]:!
Missing character: There is no 🌟 in font [lmmono10-regular]:!
Missing character: There is no ⭐ in font [lmmono10-regular]:!
Missing character: There is no 🎭 in font [lmmono10-regular]:!
Missing character: There is no ⭐ in font [lmmono10-regular]:!
Missing character: There is no 📉 in font [lmmono10-regular]:!
Missing character: There is no 💀 in font [lmmono10-regular]:!
Missing character: There is no 😬 in font [lmmono10-regular]:!
Missing character: There is no ⭐ in font [lmmono10-regular]:!
Missing character: There is no 💸 in font [lmmono10-regular]:!
Missing character: There is no 💸 in font [lmmono10-regular]:!
Missing character: There is no 📉 in font [lmmono10-regular]:!
Missing character: There is no ⭐ in font [lmmono10-regular]:!
[148]
Missing character: There is no 💰 in font [lmmono10-regular]:!
Missing character: There is no 💎 in font [lmmono10-regular]:!
Missing character: There is no 💎 in font [lmmono10-regular]:!
Missing character: There is no ⭐ in font [lmmono10-regular]:!
Missing character: There is no 💎 in font [lmmono10-regular]:!
Missing character: There is no 💎 in font [lmmono10-regular]:!
Missing character: There is no ⭐ in font [lmmono10-regular]:!
Missing character: There is no 💎 in font [lmmono10-regular]:!
Missing character: There is no 💎 in font [lmmono10-regular]:!
Missing character: There is no ⭐ in font [lmmono10-regular]:!
Missing character: There is no 💎 in font [lmmono10-regular]:!
Missing character: There is no 💎 in font [lmmono10-regular]:!
Missing character: There is no ⭐ in font [lmmono10-regular]:!
Missing character: There is no 💎 in font [lmmono10-regular]:!
Missing character: There is no 💎 in font [lmmono10-regular]:!
Missing character: There is no ⭐ in font [lmmono10-regular]:!
Missing character: There is no ⭐ in font [lmmono10-regular]:!
Missing character: There is no ⭐ in font [lmmono10-regular]:!
Missing character: There is no 🎭 in font [lmmono10-regular]:!
Missing character: There is no 🎭 in font [lmmono10-regular]:!
Missing character: There is no ⭐ in font [lmmono10-regular]:!
Missing character: There is no 🎭 in font [lmmono10-regular]:!
Missing character: There is no 🎭 in font [lmmono10-regular]:!
Missing character: There is no ⭐ in font [lmmono10-regular]:!
Missing character: There is no 🎭 in font [lmmono10-regular]:!
Missing character: There is no 🎭 in font [lmmono10-regular]:!
Missing character: There is no ⭐ in font [lmmono10-regular]:!
Missing character: There is no 🎭 in font [lmmono10-regular]:!
Missing character: There is no 🎭 in font [lmmono10-regular]:!
Missing character: There is no ⭐ in font [lmmono10-regular]:!
Missing character: There is no 🎭 in font [lmmono10-regular]:!
Missing character: There is no 🎭 in font [lmmono10-regular]:!
Missing character: There is no ⭐ in font [lmmono10-regular]:!
Missing character: There is no 💀 in font [lmmono10-regular]:!
Missing character: There is no 💀 in font [lmmono10-regular]:!
Missing character: There is no 😬 in font [lmmono10-regular]:!
Missing character: There is no 😬 in font [lmmono10-regular]:!
Missing character: There is no ⭐ in font [lmmono10-regular]:!
Missing character: There is no 😬 in font [lmmono10-regular]:!
Missing character: There is no 😬 in font [lmmono10-regular]:!
Missing character: There is no ⭐ in font [lmmono10-regular]:!
Missing character: There is no 😬 in font [lmmono10-regular]:!
Missing character: There is no 😬 in font [lmmono10-regular]:!
Missing character: There is no ⭐ in font [lmmono10-regular]:!
[149]
Missing character: There is no 😬 in font [lmmono10-regular]:!
Missing character: There is no 😬 in font [lmmono10-regular]:!
Missing character: There is no ⭐ in font [lmmono10-regular]:!
Missing character: There is no 😬 in font [lmmono10-regular]:!
Missing character: There is no 😬 in font [lmmono10-regular]:!
Missing character: There is no ⭐ in font [lmmono10-regular]:!
Missing character: There is no 💸 in font [lmmono10-regular]:!
Missing character: There is no 💸 in font [lmmono10-regular]:!
Missing character: There is no 📉 in font [lmmono10-regular]:!
Missing character: There is no 📉 in font [lmmono10-regular]:!
Missing character: There is no ⭐ in font [lmmono10-regular]:!
Missing character: There is no 📉 in font [lmmono10-regular]:!
Missing character: There is no 📉 in font [lmmono10-regular]:!
Missing character: There is no ⭐ in font [lmmono10-regular]:!
Missing character: There is no 📉 in font [lmmono10-regular]:!
Missing character: There is no 📉 in font [lmmono10-regular]:!
Missing character: There is no ⭐ in font [lmmono10-regular]:!
Missing character: There is no 📉 in font [lmmono10-regular]:!
Missing character: There is no 📉 in font [lmmono10-regular]:!
Missing character: There is no ⭐ in font [lmmono10-regular]:!
Missing character: There is no 📉 in font [lmmono10-regular]:!
Missing character: There is no 📉 in font [lmmono10-regular]:!
Missing character: There is no ⭐ in font [lmmono10-regular]:!
Missing character: There is no ⚡ in font [lmroman10-regular]:mapping=tex-text;!
Missing character: There is no ⚡ in font [lmroman10-regular]:mapping=tex-text;!
Missing character: There is no 💡 in font [lmroman10-bold]:mapping=tex-text;!
Missing character: There is no 🎬 in font [lmmono10-regular]:!
Missing character: There is no 💎 in font [lmmono10-regular]:!
Missing character: There is no 🎭 in font [lmmono10-regular]:!
Missing character: There is no ⭐ in font [lmmono10-regular]:!
Missing character: There is no 💰 in font [lmmono10-regular]:!
Missing character: There is no 🎯 in font [lmmono10-regular]:!
Missing character: There is no 🚀 in font [lmmono10-regular]:!
Missing character: There is no 🏆 in font [lmmono10-regular]:!
Missing character: There is no ⭐ in font [lmmono10-regular]:!
Missing character: There is no 💰 in font [lmmono10-regular]:!
Missing character: There is no 📊 in font [lmmono10-regular]:!
Missing character: There is no 🎯 in font [lmmono10-regular]:!
Missing character: There is no 💰 in font [lmmono10-regular]:!
Missing character: There is no 📈 in font [lmmono10-regular]:!
[150]
Missing character: There is no 💎 in font [lmmono10-regular]:!
[151]
Missing character: There is no 🎭 in font [lmmono10-regular]:!
Missing character: There is no 🎭 in font [lmmono10-regular]:!
Missing character: There is no ⭐ in font [lmmono10-regular]:!
Missing character: There is no 💰 in font [lmmono10-regular]:!
Missing character: There is no 🎭 in font [lmmono10-regular]:!
Missing character: There is no 🎭 in font [lmmono10-regular]:!
Missing character: There is no ⭐ in font [lmmono10-regular]:!
Missing character: There is no 💰 in font [lmmono10-regular]:!
Missing character: There is no 🎭 in font [lmmono10-regular]:!
Missing character: There is no 🎭 in font [lmmono10-regular]:!
Missing character: There is no ⭐ in font [lmmono10-regular]:!
Missing character: There is no 💰 in font [lmmono10-regular]:!
Missing character: There is no 🎭 in font [lmmono10-regular]:!
Missing character: There is no 🎭 in font [lmmono10-regular]:!
Missing character: There is no ⭐ in font [lmmono10-regular]:!
Missing character: There is no 💰 in font [lmmono10-regular]:!
Missing character: There is no 🎭 in font [lmmono10-regular]:!
Missing character: There is no 🎭 in font [lmmono10-regular]:!
Missing character: There is no ⭐ in font [lmmono10-regular]:!
Missing character: There is no 💰 in font [lmmono10-regular]:!
Missing character: There is no 🚀 in font [lmmono10-regular]:!
Missing character: There is no 🚀 in font [lmmono10-regular]:!
Missing character: There is no 🏆 in font [lmmono10-regular]:!
Missing character: There is no 🏆 in font [lmmono10-regular]:!
Missing character: There is no ⭐ in font [lmmono10-regular]:!
Missing character: There is no 💰 in font [lmmono10-regular]:!
Missing character: There is no 🏆 in font [lmmono10-regular]:!
Missing character: There is no 🏆 in font [lmmono10-regular]:!
Missing character: There is no ⭐ in font [lmmono10-regular]:!
Missing character: There is no 💰 in font [lmmono10-regular]:!
Missing character: There is no 🏆 in font [lmmono10-regular]:!
Missing character: There is no 🏆 in font [lmmono10-regular]:!
Missing character: There is no ⭐ in font [lmmono10-regular]:!
Missing character: There is no 💰 in font [lmmono10-regular]:!
Missing character: There is no 🏆 in font [lmmono10-regular]:!
Missing character: There is no 🏆 in font [lmmono10-regular]:!
Missing character: There is no ⭐ in font [lmmono10-regular]:!
Missing character: There is no 💰 in font [lmmono10-regular]:!
Missing character: There is no 🏆 in font [lmmono10-regular]:!
Missing character: There is no 🏆 in font [lmmono10-regular]:!
Missing character: There is no ⭐ in font [lmmono10-regular]:!
Missing character: There is no 💰 in font [lmmono10-regular]:!
Missing character: There is no 🎯 in font [lmmono10-regular]:!
Missing character: There is no 🎯 in font [lmmono10-regular]:!
Missing character: There is no 💰 in font [lmmono10-regular]:!
Missing character: There is no 💰 in font [lmmono10-regular]:!
Missing character: There is no 📈 in font [lmmono10-regular]:!
Missing character: There is no 💰 in font [lmmono10-regular]:!
Missing character: There is no 💰 in font [lmmono10-regular]:!
[152]
Missing character: There is no 📈 in font [lmmono10-regular]:!
Missing character: There is no 💰 in font [lmmono10-regular]:!
Missing character: There is no 💰 in font [lmmono10-regular]:!
Missing character: There is no 📈 in font [lmmono10-regular]:!
Missing character: There is no 💰 in font [lmmono10-regular]:!
Missing character: There is no 💰 in font [lmmono10-regular]:!
Missing character: There is no 📈 in font [lmmono10-regular]:!
Missing character: There is no 💰 in font [lmmono10-regular]:!
Missing character: There is no 💰 in font [lmmono10-regular]:!
Missing character: There is no 📈 in font [lmmono10-regular]:!

Underfull \hbox (badness 10000) in paragraph at lines 9727--9730

 []

Missing character: There is no 💡 in font [lmroman10-bold]:mapping=tex-text;!
Missing character: There is no 🎬 in font [lmroman10-italic]:mapping=tex-text;!
[153]
Missing character: There is no 🎬 in font [lmmono10-regular]:!
Missing character: There is no 💡 in font [lmmono10-regular]:!
Missing character: There is no ✅ in font [lmmono10-regular]:!
Missing character: There is no 💡 in font [lmmono10-regular]:!
Missing character: There is no ✅ in font [lmmono10-regular]:!
Missing character: There is no 📈 in font [lmmono10-regular]:!
Missing character: There is no 🎯 in font [lmmono10-regular]:!
Missing character: There is no 🆕 in font [lmmono10-regular]:!

Overfull \hbox (1329.60333pt too wide) in paragraph at lines 9834--9834
[]\TU/lmtt/m/n/10.95 Original columns: [[]Title[], []US Gross[], []Worldwide Gr
oss[], []Production Budget[], []Release Date[], []MPAA Rating[], []Source[], []
Major Genre[], []Creative Type[], []IMDB Rating[], []IMDB Votes[], []Rating_Ran
k[], []Gross_Rank[], []Rating_Percentile[], []Gross_Percentile[], []Rating_per_
Gross[], []ROI_Ratio[], []Data_Source[], []Profit[]][] 
 []

Missing character: There is no ✅ in font [lmmono10-regular]:!
Missing character: There is no ✅ in font [lmmono10-regular]:!
Missing character: There is no ✅ in font [lmmono10-regular]:!
Missing character: There is no ✅ in font [lmmono10-regular]:!
[154]
Missing character: There is no 🎯 in font [lmmono10-regular]:!
Missing character: There is no 🎯 in font [lmmono10-regular]:!
Missing character: There is no 🆕 in font [lmmono10-regular]:!
Missing character: There is no 🆕 in font [lmmono10-regular]:!

Package longtable Warning: Column widths have changed
(longtable)                in table 7.33 on input line 9848.

Missing character: There is no 🎯 in font [lmmono10-regular]:!
Missing character: There is no 📋 in font [lmmono10-regular]:!
Missing character: There is no 📍 in font [lmmono10-regular]:!
Missing character: There is no 📍 in font [lmmono10-regular]:!
Missing character: There is no ⚠ in font [lmmono10-regular]:!
Missing character: There is no ️ in font [lmmono10-regular]:!
[155]
Missing character: There is no 📋 in font [lmmono10-regular]:!

Overfull \hbox (76.3761pt too wide) in paragraph at lines 9917--9917
[]\TU/lmtt/m/n/10.95 [[]Movie_ID[], []Title[], []US Gross[], []Release_Decade[]
, []Worldwide Gross[], []Production Budget[]][] 
 []


Package longtable Warning: Column widths have changed
(longtable)                in table 7.34 on input line 9931.


Underfull \hbox (badness 10000) in paragraph at lines 9942--9945

 []

[156]
Underfull \hbox (badness 10000) in paragraph at lines 9945--9948

 []

Missing character: There is no 🗂 in font [lmmono10-regular]:!
Missing character: There is no ️ in font [lmmono10-regular]:!
Missing character: There is no 📋 in font [lmmono10-regular]:!
Missing character: There is no 📊 in font [lmmono10-regular]:!
Missing character: There is no 📋 in font [lmmono10-regular]:!

Overfull \hbox (1502.0658pt too wide) in paragraph at lines 9992--9992
[]\TU/lmtt/m/n/10.95 Columns: [[]Title[], []US Gross[], []Worldwide Gross[], []
Production Budget[], []Release Date[], []MPAA Rating[], []Source[], []Major Gen
re[], []Creative Type[], []IMDB Rating[], []IMDB Votes[], []Rating_Rank[], []Gr
oss_Rank[], []Rating_Percentile[], []Gross_Percentile[], []Rating_per_Gross[], 
[]ROI_Ratio[], []Data_Source[], []Profit[], []Temp_Col1[], []Temp_Col2[], []Tem
p_Col3[]][] 
 []

Missing character: There is no 📊 in font [lmmono10-regular]:!
Missing character: There is no 📊 in font [lmmono10-regular]:!
[157]
Underfull \hbox (badness 10000) in paragraph at lines 10014--10016

 []

Missing character: There is no 🎬 in font [lmmono10-regular]:!
Missing character: There is no 📊 in font [lmmono10-regular]:!
Missing character: There is no ❌ in font [lmmono10-regular]:!
Missing character: There is no 🔧 in font [lmmono10-regular]:!
Missing character: There is no ❌ in font [lmmono10-regular]:!
Missing character: There is no 🔧 in font [lmmono10-regular]:!
Missing character: There is no 📊 in font [lmmono10-regular]:!
Missing character: There is no 📈 in font [lmmono10-regular]:!
[158]
Missing character: There is no 📊 in font [lmmono10-regular]:!
Missing character: There is no 🔧 in font [lmmono10-regular]:!
Missing character: There is no 🔧 in font [lmmono10-regular]:!
Missing character: There is no 🔧 in font [lmmono10-regular]:!
Missing character: There is no 🔧 in font [lmmono10-regular]:!
Missing character: There is no 📈 in font [lmmono10-regular]:!
Missing character: There is no 📈 in font [lmmono10-regular]:!
Missing character: There is no ✅ in font [lmroman10-regular]:mapping=tex-text;!
Missing character: There is no ⚡ in font [lmroman10-regular]:mapping=tex-text;!

Overfull \hbox (3.06567pt too wide) in paragraph at lines 10114--10114
[]|\TU/lmtt/m/n/10.95 df.insert()|  
 []

Missing character: There is no ✅ in font [lmroman10-regular]:mapping=tex-text;!
Missing character: There is no 🔄 in font [lmroman10-regular]:mapping=tex-text;!
Missing character: There is no ❌ in font [lmroman10-regular]:mapping=tex-text;!
Missing character: There is no ⚡ in font [lmroman10-regular]:mapping=tex-text;!
Missing character: There is no ❌ in font [lmroman10-regular]:mapping=tex-text;!
Missing character: There is no ⚡ in font [lmroman10-regular]:mapping=tex-text;!
Missing character: There is no ❌ in font [lmroman10-regular]:mapping=tex-text;!
Missing character: There is no ⚡ in font [lmroman10-regular]:mapping=tex-text;!
[159]
Missing character: There is no ⚡ in font [lmroman10-regular]:mapping=tex-text;!
Missing character: There is no ⚡ in font [lmroman10-regular]:mapping=tex-text;!
Missing character: There is no 💾 in font [lmroman10-regular]:mapping=tex-text;!
Missing character: There is no 🚀 in font [lmroman10-regular]:mapping=tex-text;!

Overfull \hbox (15.96144pt too wide) in paragraph at lines 10181--10181
[]|\TU/lmtt/b/n/10.95 datetime64[ns]|  
 []

Missing character: There is no ⚡ in font [lmroman10-regular]:mapping=tex-text;!

Overfull \hbox (4.69147pt too wide) in paragraph at lines 10182--10182
[]|\TU/lmtt/m/n/10.95 2024-01-15|  
 []


Overfull \hbox (21.71019pt too wide) in paragraph at lines 10183--10183
[]|\TU/lmtt/b/n/10.95 timedelta64[ns]|  
 []

Missing character: There is no ⚡ in font [lmroman10-regular]:mapping=tex-text;!
Missing character: There is no 🚀 in font [lmroman10-regular]:mapping=tex-text;!
Missing character: There is no 🔄 in font [lmroman10-regular]:mapping=tex-text;!
Missing character: There is no 🔍 in font [lmmono10-regular]:!
Missing character: There is no 📊 in font [lmmono10-regular]:!
Missing character: There is no 📋 in font [lmmono10-regular]:!
Missing character: There is no 📊 in font [lmmono10-regular]:!
Missing character: There is no 🎯 in font [lmmono10-regular]:!
Missing character: There is no 📂 in font [lmmono10-regular]:!
Missing character: There is no 🔢 in font [lmmono10-regular]:!
Missing character: There is no 📝 in font [lmmono10-regular]:!
Missing character: There is no 📅 in font [lmmono10-regular]:!
[160]
Missing character: There is no 📋 in font [lmmono10-regular]:!
Missing character: There is no 📋 in font [lmmono10-regular]:!
Missing character: There is no 📊 in font [lmmono10-regular]:!
Missing character: There is no 📊 in font [lmmono10-regular]:!
Missing character: There is no 📂 in font [lmmono10-regular]:!
Missing character: There is no 📂 in font [lmmono10-regular]:!
Missing character: There is no 🔢 in font [lmmono10-regular]:!
Missing character: There is no 🔢 in font [lmmono10-regular]:!

Overfull \hbox (803.78444pt too wide) in paragraph at lines 10251--10251
[]\TU/lmtt/m/n/10.95 🔢 Numeric columns (12): [[]US Gross[], []Worldwide Gross[]
, []Production Budget[], []IMDB Rating[], []IMDB Votes[], []Rating_Rank[], []Gr
oss_Rank[], []Rating_Percentile[], []Gross_Percentile[], []Rating_per_Gross[], 
[]ROI_Ratio[], []Profit[]][] 
 []

Missing character: There is no 📝 in font [lmmono10-regular]:!
Missing character: There is no 📝 in font [lmmono10-regular]:!

Overfull \hbox (234.65831pt too wide) in paragraph at lines 10251--10251
[]\TU/lmtt/m/n/10.95 📝 Object columns (7): [[]Title[], []Release Date[], []MPAA
 Rating[], []Source[], []Major Genre[], []Creative Type[], []Data_Source[]][] 
 []

Missing character: There is no 📅 in font [lmmono10-regular]:!
Missing character: There is no 📅 in font [lmmono10-regular]:!
[161]
Missing character: There is no 📝 in font [lmmono10-regular]:!
Missing character: There is no 📝 in font [lmmono10-regular]:!

Overfull \hbox (162.60733pt too wide) in paragraph at lines 10293--10293
[]\TU/lmtt/m/n/10.95 Columns: [[]Title[], []Release Date[], []MPAA Rating[], []
Source[], []Major Genre[], []Creative Type[], []Data_Source[]][] 
 []

Missing character: There is no 📊 in font [lmmono10-regular]:!
[162]
Overfull \hbox (720.23596pt too wide) in paragraph at lines 10402--10402
[]\TU/lmtt/m/n/10.95 Columns: [[]US Gross[], []Worldwide Gross[], []Production 
Budget[], []IMDB Rating[], []IMDB Votes[], []Rating_Rank[], []Gross_Rank[], []R
ating_Percentile[], []Gross_Percentile[], []Rating_per_Gross[], []ROI_Ratio[], 
[]Profit[]][] 
 []

[163]
Overfull \hbox (87.8736pt too wide) in paragraph at lines 10402--10402
[]\TU/lmtt/m/n/10.95 Integer columns: [[]US Gross[], []Worldwide Gross[], []Pro
duction Budget[], []IMDB Votes[], []Profit[]][] 
 []


Overfull \hbox (317.82355pt too wide) in paragraph at lines 10402--10402
[]\TU/lmtt/m/n/10.95 Float columns: [[]IMDB Rating[], []Rating_Rank[], []Gross_
Rank[], []Rating_Percentile[], []Gross_Percentile[], []Rating_per_Gross[], []RO
I_Ratio[]][] 
 []


Overfull \hbox (783.4722pt too wide) in paragraph at lines 10402--10402
[]\TU/lmtt/m/n/10.95 Non-object columns: [[]US Gross[], []Worldwide Gross[], []
Production Budget[], []IMDB Rating[], []IMDB Votes[], []Rating_Rank[], []Gross_
Rank[], []Rating_Percentile[], []Gross_Percentile[], []Rating_per_Gross[], []RO
I_Ratio[], []Profit[]][] 
 []

[164]
Overfull \hbox (46.24718pt too wide) in paragraph at lines 10454--10455
[]|\TU/lmtt/m/n/10.95 df[[]col[]].astype([]int[])|  
 []

Missing character: There is no 💡 in font [lmroman10-bold]:mapping=tex-text;!
Missing character: There is no 🔍 in font [lmmono10-regular]:!
Missing character: There is no 🔍 in font [lmmono10-regular]:!
Missing character: There is no 📊 in font [lmmono10-regular]:!
Missing character: There is no 📅 in font [lmmono10-regular]:!
Missing character: There is no 🧮 in font [lmmono10-regular]:!
Missing character: There is no 🔬 in font [lmmono10-regular]:!
Missing character: There is no 🚨 in font [lmmono10-regular]:!
Missing character: There is no ⚠ in font [lmmono10-regular]:!
Missing character: There is no ️ in font [lmmono10-regular]:!
Missing character: There is no ✅ in font [lmmono10-regular]:!
[165]
Missing character: There is no 🔍 in font [lmmono10-regular]:!
Missing character: There is no 📅 in font [lmmono10-regular]:!
Missing character: There is no 📅 in font [lmmono10-regular]:!
Missing character: There is no 🔬 in font [lmmono10-regular]:!
Missing character: There is no 🔬 in font [lmmono10-regular]:!
Missing character: There is no ⚠ in font [lmmono10-regular]:!
Missing character: There is no ️ in font [lmmono10-regular]:!
Missing character: There is no ⚠ in font [lmmono10-regular]:!
Missing character: There is no ️ in font [lmmono10-regular]:!
Missing character: There is no ⚠ in font [lmmono10-regular]:!
Missing character: There is no ️ in font [lmmono10-regular]:!

Overfull \hbox (41.8836pt too wide) in paragraph at lines 10513--10513
[]\TU/lmtt/m/n/10.95 Examples: [[]Nov 22 2006[], []Apr 07 1965[], []Apr 24 2009
[], []Jul 25 2003[], []Feb 09 2007[]][] 
 []

[166]
Missing character: There is no 🎯 in font [lmmono10-regular]:!
Missing character: There is no 🔄 in font [lmmono10-regular]:!
Missing character: There is no 📅 in font [lmmono10-regular]:!
Missing character: There is no 📅 in font [lmmono10-regular]:!
Missing character: There is no 🔢 in font [lmmono10-regular]:!
Missing character: There is no 🔢 in font [lmmono10-regular]:!
Missing character: There is no 🔧 in font [lmmono10-regular]:!
Missing character: There is no 🔧 in font [lmmono10-regular]:!
Missing character: There is no 📊 in font [lmmono10-regular]:!
[167]
Missing character: There is no 🔄 in font [lmmono10-regular]:!
Missing character: There is no 📅 in font [lmmono10-regular]:!
Missing character: There is no 📅 in font [lmmono10-regular]:!
Missing character: There is no 🔢 in font [lmmono10-regular]:!
Missing character: There is no 🔢 in font [lmmono10-regular]:!
Missing character: There is no 🔧 in font [lmmono10-regular]:!
Missing character: There is no 🔧 in font [lmmono10-regular]:!
Missing character: There is no 📊 in font [lmmono10-regular]:!
Missing character: There is no 📊 in font [lmmono10-regular]:!
[168]
Missing character: There is no 📅 in font [lmroman10-bold]:mapping=tex-text;!
Missing character: There is no ⏰ in font [lmroman10-bold]:mapping=tex-text;!
Missing character: There is no 📊 in font [lmroman10-bold]:mapping=tex-text;!

Overfull \hbox (7.45125pt too wide) in paragraph at lines 10664--10664
[]|\TU/lmtt/m/n/10.95 .dt.day_name()|  
 []


Overfull \hbox (18.94875pt too wide) in paragraph at lines 10666--10666
[]|\TU/lmtt/m/n/10.95 .dt.month_name()|  
 []

Missing character: There is no 🗓 in font [lmroman10-bold]:mapping=tex-text;!
Missing character: There is no ️ in font [lmroman10-bold]:mapping=tex-text;!

Overfull \hbox (1.7025pt too wide) in paragraph at lines 10668--10668
[]|\TU/lmtt/m/n/10.95 .dt.dayofyear|  
 []


Overfull \hbox (18.94875pt too wide) in paragraph at lines 10671--10671
[]|\TU/lmtt/m/n/10.95 .dt.is_leap_year|  
 []


Overfull \hbox (24.6975pt too wide) in paragraph at lines 10672--10672
[]|\TU/lmtt/m/n/10.95 .dt.days_in_month|  
 []

[169]
Missing character: There is no 📈 in font [lmsans10-bold]:mapping=tex-text;!
Missing character: There is no 📅 in font [lmmono10-regular]:!
Missing character: There is no 📅 in font [lmmono10-regular]:!
Missing character: There is no 🗓 in font [lmmono10-regular]:!
Missing character: There is no ️ in font [lmmono10-regular]:!
Missing character: There is no 📊 in font [lmmono10-regular]:!
Missing character: There is no 📊 in font [lmmono10-regular]:!
Missing character: There is no 📈 in font [lmmono10-regular]:!
Missing character: There is no 📈 in font [lmmono10-regular]:!
Missing character: There is no 🎬 in font [lmmono10-regular]:!
Missing character: There is no 🎭 in font [lmmono10-regular]:!
Missing character: There is no 🌱 in font [lmmono10-regular]:!
Missing character: There is no 📋 in font [lmmono10-regular]:!
[170]
Missing character: There is no 📅 in font [lmmono10-regular]:!
Missing character: There is no 📊 in font [lmmono10-regular]:!
Missing character: There is no 📊 in font [lmmono10-regular]:!
Missing character: There is no 📈 in font [lmmono10-regular]:!
Missing character: There is no 📈 in font [lmmono10-regular]:!
Missing character: There is no 🎬 in font [lmmono10-regular]:!
Missing character: There is no 🎬 in font [lmmono10-regular]:!
[171]
Missing character: There is no 🎭 in font [lmmono10-regular]:!
Missing character: There is no 🎭 in font [lmmono10-regular]:!
Missing character: There is no 🌱 in font [lmmono10-regular]:!
Missing character: There is no 🌱 in font [lmmono10-regular]:!
Missing character: There is no 📋 in font [lmmono10-regular]:!
Missing character: There is no 📋 in font [lmmono10-regular]:!
[172]
Overfull \hbox (1136.32196pt too wide) in alignment at lines 10807--10815
 [] [] [] [] [] [] [] [] [] [] [] [] [] [] [] [] [] [] [] [] [] [] 
 []


Overfull \hbox (1136.32196pt too wide) in alignment at lines 10815--10817
 [] [] [] [] [] [] [] [] [] [] [] [] [] [] [] [] [] [] [] [] [] [] 
 []


Overfull \hbox (1351.33612pt too wide) in alignment at lines 10817--10833
 [] [] [] [] [] [] [] [] [] [] [] [] [] [] [] [] [] [] [] [] [] [] 
 []


Package longtable Warning: Column widths have changed
(longtable)                in table 7.39 on input line 10833.


Overfull \hbox (1136.32196pt too wide) in alignment at lines 10847--10855
 [] [] [] [] [] [] [] [] [] [] [] [] [] [] [] [] [] [] [] [] [] [] 
 []


Overfull \hbox (1136.32196pt too wide) in alignment at lines 10855--10857
 [] [] [] [] [] [] [] [] [] [] [] [] [] [] [] [] [] [] [] [] [] [] 
 []


Overfull \hbox (1323.72025pt too wide) in alignment at lines 10857--10873
 [] [] [] [] [] [] [] [] [] [] [] [] [] [] [] [] [] [] [] [] [] [] 
 []


Package longtable Warning: Column widths have changed
(longtable)                in table 7.40 on input line 10873.

[173]
Overfull \hbox (42.60426pt too wide) in alignment at lines 10932--10937
 [] [] [] [] [] [] [] [] [] [] [] [] 
 []


Overfull \hbox (42.60426pt too wide) in alignment at lines 10937--10939
 [] [] [] [] [] [] [] [] [] [] [] [] 
 []


Overfull \hbox (351.49274pt too wide) in alignment at lines 10939--10950
 [] [] [] [] [] [] [] [] [] [] [] [] 
 []


Package longtable Warning: Column widths have changed
(longtable)                in table 7.41 on input line 10950.

[174]
Overfull \hbox (36.13486pt too wide) in paragraph at lines 11012--11012
[][]\TU/lmtt/m/n/10.95 Penasco y Castellana, Mrs. Victor de Satode (Maria Josef
a Perez de Soto y Vallejo)[][] 
 []


Overfull \hbox (42.60426pt too wide) in alignment at lines 11021--11026
 [] [] [] [] [] [] [] [] [] [] [] [] 
 []


Overfull \hbox (42.60426pt too wide) in alignment at lines 11026--11028
 [] [] [] [] [] [] [] [] [] [] [] [] 
 []


Overfull \hbox (324.16151pt too wide) in alignment at lines 11028--11050
 [] [] [] [] [] [] [] [] [] [] [] [] 
 []


Package longtable Warning: Column widths have changed
(longtable)                in table 7.42 on input line 11050.

[175]

Package longtable Warning: Column widths have changed
(longtable)                in table 7.43 on input line 11088.

[176]
Missing character: There is no 📊 in font [lmsans10-bold]:mapping=tex-text;!

Overfull \hbox (1092.84187pt too wide) in alignment at lines 11130--11138
 [] [] [] [] [] [] [] [] [] [] [] [] [] [] [] [] [] [] [] [] 
 []


Overfull \hbox (1092.84187pt too wide) in alignment at lines 11138--11140
 [] [] [] [] [] [] [] [] [] [] [] [] [] [] [] [] [] [] [] [] 
 []


Overfull \hbox (1306.32303pt too wide) in alignment at lines 11140--11174
 [] [] [] [] [] [] [] [] [] [] [] [] [] [] [] [] [] [] [] [] 
 []


Package longtable Warning: Column widths have changed
(longtable)                in table 7.44 on input line 11174.

Missing character: There is no 🔍 in font [lmmono10-regular]:!
Missing character: There is no 🔢 in font [lmmono10-regular]:!
Missing character: There is no 📊 in font [lmmono10-regular]:!
Missing character: There is no 📈 in font [lmmono10-regular]:!
Missing character: There is no 💡 in font [lmmono10-regular]:!
Missing character: There is no 🎯 in font [lmmono10-regular]:!
[177]
Missing character: There is no 🔢 in font [lmmono10-regular]:!
Missing character: There is no 📊 in font [lmmono10-regular]:!
Missing character: There is no 📊 in font [lmmono10-regular]:!

Overfull \hbox (1369.84457pt too wide) in paragraph at lines 11390--11390
[]\TU/lmtt/m/n/10.95 Numerical columns: [[]US Gross[], []Worldwide Gross[], []P
roduction Budget[], []IMDB Rating[], []IMDB Votes[], []Rating_Rank[], []Gross_R
ank[], []Rating_Percentile[], []Gross_Percentile[], []Rating_per_Gross[], []ROI
_Ratio[], []Profit[], []Release_Year[], []Release_Month[], []Release_Quarter[],
 []Release_Weekday[], []Decade[], []Days Since Release[]][] 
 []

Missing character: There is no 📈 in font [lmmono10-regular]:!
Missing character: There is no 📈 in font [lmmono10-regular]:!
[178]
Overfull \hbox (13.13986pt too wide) in paragraph at lines 11390--11390
[]                        \TU/lmtt/m/n/10.95 Release Date  IMDB Rating     IMDB
 Votes  Rating_Rank  \[] 
 []

[179]
Missing character: There is no 💡 in font [lmmono10-regular]:!
Missing character: There is no 💡 in font [lmmono10-regular]:!
Missing character: There is no 🎯 in font [lmmono10-regular]:!
Missing character: There is no 🎯 in font [lmmono10-regular]:!
Missing character: There is no 🎯 in font [lmmono10-regular]:!
Missing character: There is no 🎯 in font [lmmono10-regular]:!
Missing character: There is no 🎯 in font [lmmono10-regular]:!
Missing character: There is no 🎯 in font [lmmono10-regular]:!
Missing character: There is no 🎯 in font [lmmono10-regular]:!
Missing character: There is no 🎯 in font [lmmono10-regular]:!
Missing character: There is no 🎯 in font [lmmono10-regular]:!
Missing character: There is no 🎯 in font [lmmono10-regular]:!
Missing character: There is no 🎯 in font [lmmono10-regular]:!
Missing character: There is no 🎯 in font [lmmono10-regular]:!
Missing character: There is no 🎯 in font [lmmono10-regular]:!
Missing character: There is no 🎯 in font [lmmono10-regular]:!
[180]
Missing character: There is no 🎯 in font [lmmono10-regular]:!
Missing character: There is no 🎯 in font [lmmono10-regular]:!
Missing character: There is no 🎯 in font [lmmono10-regular]:!
Missing character: There is no 🎯 in font [lmmono10-regular]:!
Missing character: There is no 🎯 in font [lmmono10-regular]:!
Missing character: There is no 🎯 in font [lmmono10-regular]:!
Missing character: There is no 🎯 in font [lmmono10-regular]:!
Missing character: There is no 🎯 in font [lmmono10-regular]:!
Missing character: There is no 🎯 in font [lmmono10-regular]:!
Missing character: There is no 🎯 in font [lmmono10-regular]:!
Missing character: There is no 🎯 in font [lmmono10-regular]:!
Missing character: There is no 🎯 in font [lmmono10-regular]:!
Missing character: There is no 🎯 in font [lmmono10-regular]:!
Missing character: There is no 🎯 in font [lmmono10-regular]:!
[181]
Missing character: There is no 🎯 in font [lmmono10-regular]:!
Missing character: There is no 🎯 in font [lmmono10-regular]:!
Missing character: There is no 🎯 in font [lmmono10-regular]:!
Missing character: There is no 🎯 in font [lmmono10-regular]:!
Missing character: There is no 🎯 in font [lmmono10-regular]:!
Missing character: There is no 🎯 in font [lmmono10-regular]:!
Missing character: There is no 🎯 in font [lmmono10-regular]:!
Missing character: There is no 🎯 in font [lmmono10-regular]:!

Package longtable Warning: Column widths have changed
(longtable)                in table 7.45 on input line 11417.

[182]
Missing character: There is no 💡 in font [lmroman10-bold]:mapping=tex-text;!

Overfull \hbox (1136.32196pt too wide) in alignment at lines 11439--11447
 [] [] [] [] [] [] [] [] [] [] [] [] [] [] [] [] [] [] [] [] [] [] 
 []


Overfull \hbox (1136.32196pt too wide) in alignment at lines 11447--11449
 [] [] [] [] [] [] [] [] [] [] [] [] [] [] [] [] [] [] [] [] [] [] 
 []


Overfull \hbox (1351.33612pt too wide) in alignment at lines 11449--11465
 [] [] [] [] [] [] [] [] [] [] [] [] [] [] [] [] [] [] [] [] [] [] 
 []


Package longtable Warning: Column widths have changed
(longtable)                in table 7.46 on input line 11465.


Overfull \hbox (7.39111pt too wide) in paragraph at lines 11483--11483
[]       []\TU/lmtt/m/n/10.95 Release Date[], []MPAA Rating[], []Source[], []Ma
jor Genre[], []Creative Type[],[] 
 []

Missing character: There is no 📊 in font [lmmono10-regular]:!
Missing character: There is no 📊 in font [lmmono10-regular]:!
Missing character: There is no 📈 in font [lmmono10-regular]:!
Missing character: There is no 📏 in font [lmmono10-regular]:!
Missing character: There is no 💼 in font [lmmono10-regular]:!
Missing character: There is no 🎬 in font [lmmono10-regular]:!
Missing character: There is no 📊 in font [lmmono10-regular]:!
[183]
Missing character: There is no 📊 in font [lmmono10-regular]:!
Missing character: There is no 📈 in font [lmmono10-regular]:!
Missing character: There is no 📈 in font [lmmono10-regular]:!
[184]
Missing character: There is no 📏 in font [lmmono10-regular]:!
Missing character: There is no 📏 in font [lmmono10-regular]:!
Missing character: There is no 💼 in font [lmmono10-regular]:!
Missing character: There is no 💼 in font [lmmono10-regular]:!
Missing character: There is no 🎬 in font [lmmono10-regular]:!
Missing character: There is no 🎬 in font [lmmono10-regular]:!
Missing character: There is no 📊 in font [lmmono10-regular]:!
Missing character: There is no 📊 in font [lmmono10-regular]:!
Missing character: There is no 🎯 in font [lmmono10-regular]:!
Missing character: There is no 🎯 in font [lmmono10-regular]:!
Missing character: There is no 📊 in font [lmmono10-regular]:!
Missing character: There is no 🔄 in font [lmmono10-regular]:!
Missing character: There is no ↔ in font [lmmono10-regular]:!
Missing character: There is no ️ in font [lmmono10-regular]:!
Missing character: There is no 💡 in font [lmmono10-regular]:!
Missing character: There is no 🏆 in font [lmmono10-regular]:!
Missing character: There is no 🏆 in font [lmmono10-regular]:!
Missing character: There is no 🎬 in font [lmmono10-regular]:!
[185]
Underfull \vbox (badness 10000) detected at line 11631
 []


Underfull \vbox (badness 10000) detected at line 11631
 []

[186]
Missing character: There is no 🎯 in font [lmmono10-regular]:!
Missing character: There is no 📊 in font [lmmono10-regular]:!
Missing character: There is no 📊 in font [lmmono10-regular]:!
Missing character: There is no 🔄 in font [lmmono10-regular]:!
Missing character: There is no 🔄 in font [lmmono10-regular]:!
Missing character: There is no ↔ in font [lmmono10-regular]:!
Missing character: There is no ️ in font [lmmono10-regular]:!
Missing character: There is no ↔ in font [lmmono10-regular]:!
Missing character: There is no ️ in font [lmmono10-regular]:!
Missing character: There is no ↔ in font [lmmono10-regular]:!
Missing character: There is no ️ in font [lmmono10-regular]:!
[187]
Missing character: There is no 💡 in font [lmmono10-regular]:!
Missing character: There is no 💡 in font [lmmono10-regular]:!
Missing character: There is no 🏆 in font [lmmono10-regular]:!
Missing character: There is no 🏆 in font [lmmono10-regular]:!
Missing character: There is no 🏆 in font [lmmono10-regular]:!
Missing character: There is no 🏆 in font [lmmono10-regular]:!
Missing character: There is no 🎬 in font [lmmono10-regular]:!
Missing character: There is no 🎬 in font [lmmono10-regular]:!
[188]
Overfull \hbox (12.15434pt too wide) in paragraph at lines 11770--11770
[]|\TU/lmtt/b/n/10.95 inplace=False|  
 []

Missing character: There is no 🆕 in font [lmroman10-regular]:mapping=tex-text;!
Missing character: There is no 📈 in font [lmroman10-regular]:mapping=tex-text;!
Missing character: There is no ✅ in font [lmroman10-regular]:mapping=tex-text;!

Overfull \hbox (6.4056pt too wide) in paragraph at lines 11773--11773
[]|\TU/lmtt/b/n/10.95 inplace=True|  
 []

Missing character: There is no 🔄 in font [lmroman10-regular]:mapping=tex-text;!
Missing character: There is no 📉 in font [lmroman10-regular]:mapping=tex-text;!
Missing character: There is no ❌ in font [lmroman10-regular]:mapping=tex-text;!
Missing character: There is no 🚨 in font [lmroman10-bold]:mapping=tex-text;!
Missing character: There is no 🎯 in font [lmmono10-regular]:!
Missing character: There is no 🔄 in font [lmmono10-regular]:!
Missing character: There is no 📊 in font [lmmono10-regular]:!
Missing character: There is no 📋 in font [lmmono10-regular]:!
Missing character: There is no 📍 in font [lmmono10-regular]:!
Missing character: There is no 🆕 in font [lmmono10-regular]:!
Missing character: There is no 🔧 in font [lmmono10-regular]:!
Missing character: There is no ✅ in font [lmmono10-regular]:!
Missing character: There is no 📍 in font [lmmono10-regular]:!
Missing character: There is no 🔍 in font [lmmono10-regular]:!
Missing character: There is no 📍 in font [lmmono10-regular]:!
Missing character: There is no 🔄 in font [lmmono10-regular]:!
Missing character: There is no 🔧 in font [lmmono10-regular]:!
Missing character: There is no ✅ in font [lmmono10-regular]:!
Missing character: There is no 📍 in font [lmmono10-regular]:!
Missing character: There is no 🔍 in font [lmmono10-regular]:!
[189]
Missing character: There is no 📋 in font [lmmono10-regular]:!
Missing character: There is no 🛠 in font [lmmono10-regular]:!
Missing character: There is no ️ in font [lmmono10-regular]:!
Missing character: There is no 📊 in font [lmmono10-regular]:!
Missing character: There is no 🗑 in font [lmmono10-regular]:!
Missing character: There is no ️ in font [lmmono10-regular]:!
Missing character: There is no 🗑 in font [lmmono10-regular]:!
Missing character: There is no ️ in font [lmmono10-regular]:!
Missing character: There is no ✅ in font [lmmono10-regular]:!
Missing character: There is no ✅ in font [lmmono10-regular]:!
Missing character: There is no 🏷 in font [lmmono10-regular]:!
Missing character: There is no ️ in font [lmmono10-regular]:!
Missing character: There is no 🏷 in font [lmmono10-regular]:!
Missing character: There is no ️ in font [lmmono10-regular]:!
Missing character: There is no ✅ in font [lmmono10-regular]:!
Missing character: There is no ✅ in font [lmmono10-regular]:!
Missing character: There is no 🔄 in font [lmmono10-regular]:!
Missing character: There is no 🔄 in font [lmmono10-regular]:!
Missing character: There is no ✅ in font [lmmono10-regular]:!
Missing character: There is no ✅ in font [lmmono10-regular]:!
Missing character: There is no 📝 in font [lmmono10-regular]:!
Missing character: There is no 📝 in font [lmmono10-regular]:!
Missing character: There is no ✅ in font [lmmono10-regular]:!
Missing character: There is no ✅ in font [lmmono10-regular]:!
[190]
Underfull \vbox (badness 10000) detected at line 11937
 []


Underfull \vbox (badness 10000) detected at line 11937
 []

[191]
Missing character: There is no 🛠 in font [lmmono10-regular]:!
Missing character: There is no ️ in font [lmmono10-regular]:!
[192]
Missing character: There is no 📊 in font [lmmono10-regular]:!
Missing character: There is no 📊 in font [lmmono10-regular]:!
Missing character: There is no 🗑 in font [lmmono10-regular]:!
Missing character: There is no ️ in font [lmmono10-regular]:!
Missing character: There is no 🗑 in font [lmmono10-regular]:!
Missing character: There is no ️ in font [lmmono10-regular]:!
Missing character: There is no 🗑 in font [lmmono10-regular]:!
Missing character: There is no ️ in font [lmmono10-regular]:!
Missing character: There is no ✅ in font [lmmono10-regular]:!
Missing character: There is no ✅ in font [lmmono10-regular]:!
Missing character: There is no ✅ in font [lmmono10-regular]:!
Missing character: There is no ✅ in font [lmmono10-regular]:!
Missing character: There is no 🏷 in font [lmmono10-regular]:!
Missing character: There is no ️ in font [lmmono10-regular]:!
Missing character: There is no 🏷 in font [lmmono10-regular]:!
Missing character: There is no ️ in font [lmmono10-regular]:!
Missing character: There is no 🏷 in font [lmmono10-regular]:!
Missing character: There is no ️ in font [lmmono10-regular]:!
Missing character: There is no ✅ in font [lmmono10-regular]:!
Missing character: There is no ✅ in font [lmmono10-regular]:!
Missing character: There is no ✅ in font [lmmono10-regular]:!
Missing character: There is no ✅ in font [lmmono10-regular]:!
Missing character: There is no 🔄 in font [lmmono10-regular]:!
Missing character: There is no 🔄 in font [lmmono10-regular]:!
Missing character: There is no ✅ in font [lmmono10-regular]:!
Missing character: There is no ✅ in font [lmmono10-regular]:!
Missing character: There is no ✅ in font [lmmono10-regular]:!
Missing character: There is no ✅ in font [lmmono10-regular]:!
Missing character: There is no 📝 in font [lmmono10-regular]:!
Missing character: There is no 📝 in font [lmmono10-regular]:!
Missing character: There is no ✅ in font [lmmono10-regular]:!
Missing character: There is no ✅ in font [lmmono10-regular]:!
[193]
Missing character: There is no ✅ in font [lmmono10-regular]:!
Missing character: There is no ✅ in font [lmmono10-regular]:!
Missing character: There is no ✅ in font [lmroman10-regular]:mapping=tex-text;!

Overfull \hbox (0.79431pt too wide) in paragraph at lines 12015--12016
\TU/lmr/m/n/10.95 columns/rows|  
 []

Missing character: There is no ✅ in font [lmroman10-regular]:mapping=tex-text;!
Missing character: There is no ✅ in font [lmroman10-regular]:mapping=tex-text;!
Missing character: There is no ✅ in font [lmroman10-regular]:mapping=tex-text;!

Overfull \hbox (4.9772pt too wide) in paragraph at lines 12021--12022
\TU/lmr/m/n/10.95 columns/index|  
 []


Overfull \hbox (22.4549pt too wide) in paragraph at lines 12022--12022
[]|\TU/lmtt/b/n/10.95 sort_values()|  
 []

Missing character: There is no ✅ in font [lmroman10-regular]:mapping=tex-text;!

Overfull \hbox (16.70615pt too wide) in paragraph at lines 12024--12024
[]|\TU/lmtt/b/n/10.95 sort_index()|  
 []

Missing character: There is no ✅ in font [lmroman10-regular]:mapping=tex-text;!

Overfull \hbox (22.4549pt too wide) in paragraph at lines 12026--12026
[]|\TU/lmtt/b/n/10.95 reset_index()|  
 []

Missing character: There is no ✅ in font [lmroman10-regular]:mapping=tex-text;!

Overfull \hbox (10.9574pt too wide) in paragraph at lines 12028--12028
[]|\TU/lmtt/b/n/10.95 set_index()|  
 []

Missing character: There is no ✅ in font [lmroman10-regular]:mapping=tex-text;!
Missing character: There is no ✅ in font [lmroman10-regular]:mapping=tex-text;!

Overfull \hbox (153.76744pt too wide) in alignment at lines 12044--12049
 [] [] [] [] [] [] [] [] [] [] [] [] [] 
 []


Overfull \hbox (153.76744pt too wide) in alignment at lines 12049--12051
 [] [] [] [] [] [] [] [] [] [] [] [] [] 
 []


Overfull \hbox (413.98322pt too wide) in alignment at lines 12051--12062
 [] [] [] [] [] [] [] [] [] [] [] [] [] 
 []


Package longtable Warning: Column widths have changed
(longtable)                in table 7.50 on input line 12062.

[194]
Overfull \hbox (66.16006pt too wide) in alignment at lines 12076--12081
 [] [] [] [] [] [] [] [] [] [] 
 []


Overfull \hbox (66.16006pt too wide) in alignment at lines 12081--12083
 [] [] [] [] [] [] [] [] [] [] 
 []


Overfull \hbox (251.31358pt too wide) in alignment at lines 12083--12100
 [] [] [] [] [] [] [] [] [] [] 
 []


Package longtable Warning: Column widths have changed
(longtable)                in table 7.51 on input line 12100.


Overfull \hbox (131.46704pt too wide) in alignment at lines 12124--12141
 [] [] [] [] [] [] [] [] [] 
 []


Package longtable Warning: Column widths have changed
(longtable)                in table 7.52 on input line 12141.

[195]
Overfull \hbox (273.61398pt too wide) in alignment at lines 12150--12156
 [] [] [] [] [] [] [] [] [] [] [] [] [] [] 
 []


Overfull \hbox (273.61398pt too wide) in alignment at lines 12156--12158
 [] [] [] [] [] [] [] [] [] [] [] [] [] [] 
 []


Overfull \hbox (533.82976pt too wide) in alignment at lines 12158--12171
 [] [] [] [] [] [] [] [] [] [] [] [] [] [] 
 []


Package longtable Warning: Column widths have changed
(longtable)                in table 7.53 on input line 12171.


Overfull \hbox (153.76744pt too wide) in alignment at lines 12198--12203
 [] [] [] [] [] [] [] [] [] [] [] [] [] 
 []


Overfull \hbox (153.76744pt too wide) in alignment at lines 12203--12205
 [] [] [] [] [] [] [] [] [] [] [] [] [] 
 []


Overfull \hbox (336.34772pt too wide) in alignment at lines 12205--12216
 [] [] [] [] [] [] [] [] [] [] [] [] [] 
 []

[196]

Package longtable Warning: Column widths have changed
(longtable)                in table 7.54 on input line 12216.

! Undefined control sequence.
<argument> c:\Users 
                    \lsi 8012\AppData \Local \anaconda 3\Lib \site -packages...
l.12248 ...key)}\textcolor{QuartoInternalColor2}{}
                                                   
Here is how much of TeX's memory you used:
 24482 strings out of 410654
 463846 string characters out of 2815893
 1141646 words of memory out of 3000000
 45258 multiletter control sequences out of 15000+600000
 472903 words of font info for 67 fonts, out of 8000000 for 9000
 1348 hyphenation exceptions out of 8191
 108i,8n,121p,10902b,607s stack positions out of 10000i,1000n,20000p,200000b,80000s

Output written on index.pdf (196 pages).
